ISO-10303-21;
HEADER;
/* Generated by software containing ST-Developer
 * from STEP Tools, Inc. (www.steptools.com) 
 */
/* OPTION: using custom renumber hook */

FILE_DESCRIPTION(
/* description */ ('STEP AP242 Edition 2',
'CAx-IF Rec.Pracs.---Representation and Presentation of Product Manufa
cturing Information (PMI)---4.0---2014-10-13',
'CAx-IF Rec.Pracs.---3D Tessellated Geometry---0.4---2014-09-14','2;1',
'CAx-IF Rec.Pracs.---User Defined Attributes---1.5---2016-08-15'),
/* implementation_level */ '2;1');

FILE_NAME(
/* name */ 'big raling',
/* time_stamp */ '2026-09-06T17:55:57Z',
/* author */ (''),
/* organization */ (''),
/* preprocessor_version */ 'ST-DEVELOPER v20',
/* originating_system */ 'ONSHAPE BY PTC INC, 1.220',
/* authorisation */ '  ');

FILE_SCHEMA (('AP242_MANAGED_MODEL_BASED_3D_ENGINEERING_MIM_LF { 1 0 10303 442 3 1 4 }'));
ENDSEC;

DATA;
#10=SHAPE_REPRESENTATION_RELATIONSHIP('','',#1875,#11);
#11=ADVANCED_BREP_SHAPE_REPRESENTATION('',(#1873),#2897);
#12=ORIENTED_EDGE('',*,*,#516,.F.);
#13=ORIENTED_EDGE('',*,*,#517,.T.);
#14=ORIENTED_EDGE('',*,*,#518,.T.);
#15=ORIENTED_EDGE('',*,*,#519,.F.);
#16=ORIENTED_EDGE('',*,*,#520,.T.);
#17=ORIENTED_EDGE('',*,*,#521,.T.);
#18=ORIENTED_EDGE('',*,*,#522,.F.);
#19=ORIENTED_EDGE('',*,*,#523,.F.);
#20=ORIENTED_EDGE('',*,*,#524,.T.);
#21=ORIENTED_EDGE('',*,*,#525,.T.);
#22=ORIENTED_EDGE('',*,*,#526,.F.);
#23=ORIENTED_EDGE('',*,*,#527,.F.);
#24=ORIENTED_EDGE('',*,*,#528,.T.);
#25=ORIENTED_EDGE('',*,*,#529,.T.);
#26=ORIENTED_EDGE('',*,*,#530,.F.);
#27=ORIENTED_EDGE('',*,*,#531,.F.);
#28=ORIENTED_EDGE('',*,*,#532,.T.);
#29=ORIENTED_EDGE('',*,*,#533,.T.);
#30=ORIENTED_EDGE('',*,*,#534,.F.);
#31=ORIENTED_EDGE('',*,*,#535,.F.);
#32=ORIENTED_EDGE('',*,*,#536,.T.);
#33=ORIENTED_EDGE('',*,*,#537,.T.);
#34=ORIENTED_EDGE('',*,*,#538,.F.);
#35=ORIENTED_EDGE('',*,*,#539,.F.);
#36=ORIENTED_EDGE('',*,*,#540,.T.);
#37=ORIENTED_EDGE('',*,*,#541,.T.);
#38=ORIENTED_EDGE('',*,*,#542,.F.);
#39=ORIENTED_EDGE('',*,*,#543,.F.);
#40=ORIENTED_EDGE('',*,*,#544,.T.);
#41=ORIENTED_EDGE('',*,*,#545,.T.);
#42=ORIENTED_EDGE('',*,*,#546,.F.);
#43=ORIENTED_EDGE('',*,*,#547,.F.);
#44=ORIENTED_EDGE('',*,*,#548,.T.);
#45=ORIENTED_EDGE('',*,*,#549,.T.);
#46=ORIENTED_EDGE('',*,*,#550,.F.);
#47=ORIENTED_EDGE('',*,*,#551,.F.);
#48=ORIENTED_EDGE('',*,*,#552,.T.);
#49=ORIENTED_EDGE('',*,*,#553,.T.);
#50=ORIENTED_EDGE('',*,*,#554,.F.);
#51=ORIENTED_EDGE('',*,*,#555,.F.);
#52=ORIENTED_EDGE('',*,*,#556,.T.);
#53=ORIENTED_EDGE('',*,*,#557,.T.);
#54=ORIENTED_EDGE('',*,*,#558,.F.);
#55=ORIENTED_EDGE('',*,*,#559,.F.);
#56=ORIENTED_EDGE('',*,*,#560,.T.);
#57=ORIENTED_EDGE('',*,*,#561,.T.);
#58=ORIENTED_EDGE('',*,*,#562,.F.);
#59=ORIENTED_EDGE('',*,*,#563,.F.);
#60=ORIENTED_EDGE('',*,*,#564,.T.);
#61=ORIENTED_EDGE('',*,*,#565,.T.);
#62=ORIENTED_EDGE('',*,*,#566,.F.);
#63=ORIENTED_EDGE('',*,*,#567,.F.);
#64=ORIENTED_EDGE('',*,*,#568,.T.);
#65=ORIENTED_EDGE('',*,*,#569,.T.);
#66=ORIENTED_EDGE('',*,*,#570,.F.);
#67=ORIENTED_EDGE('',*,*,#571,.F.);
#68=ORIENTED_EDGE('',*,*,#572,.T.);
#69=ORIENTED_EDGE('',*,*,#573,.T.);
#70=ORIENTED_EDGE('',*,*,#574,.F.);
#71=ORIENTED_EDGE('',*,*,#575,.F.);
#72=ORIENTED_EDGE('',*,*,#576,.T.);
#73=ORIENTED_EDGE('',*,*,#577,.T.);
#74=ORIENTED_EDGE('',*,*,#578,.F.);
#75=ORIENTED_EDGE('',*,*,#579,.F.);
#76=ORIENTED_EDGE('',*,*,#580,.T.);
#77=ORIENTED_EDGE('',*,*,#581,.T.);
#78=ORIENTED_EDGE('',*,*,#582,.F.);
#79=ORIENTED_EDGE('',*,*,#583,.F.);
#80=ORIENTED_EDGE('',*,*,#584,.T.);
#81=ORIENTED_EDGE('',*,*,#585,.T.);
#82=ORIENTED_EDGE('',*,*,#586,.F.);
#83=ORIENTED_EDGE('',*,*,#587,.F.);
#84=ORIENTED_EDGE('',*,*,#588,.T.);
#85=ORIENTED_EDGE('',*,*,#589,.T.);
#86=ORIENTED_EDGE('',*,*,#590,.F.);
#87=ORIENTED_EDGE('',*,*,#591,.F.);
#88=ORIENTED_EDGE('',*,*,#592,.T.);
#89=ORIENTED_EDGE('',*,*,#593,.T.);
#90=ORIENTED_EDGE('',*,*,#594,.F.);
#91=ORIENTED_EDGE('',*,*,#595,.F.);
#92=ORIENTED_EDGE('',*,*,#596,.T.);
#93=ORIENTED_EDGE('',*,*,#597,.T.);
#94=ORIENTED_EDGE('',*,*,#598,.F.);
#95=ORIENTED_EDGE('',*,*,#599,.F.);
#96=ORIENTED_EDGE('',*,*,#600,.T.);
#97=ORIENTED_EDGE('',*,*,#601,.T.);
#98=ORIENTED_EDGE('',*,*,#602,.F.);
#99=ORIENTED_EDGE('',*,*,#603,.F.);
#100=ORIENTED_EDGE('',*,*,#604,.T.);
#101=ORIENTED_EDGE('',*,*,#605,.T.);
#102=ORIENTED_EDGE('',*,*,#606,.F.);
#103=ORIENTED_EDGE('',*,*,#607,.F.);
#104=ORIENTED_EDGE('',*,*,#608,.T.);
#105=ORIENTED_EDGE('',*,*,#609,.T.);
#106=ORIENTED_EDGE('',*,*,#610,.F.);
#107=ORIENTED_EDGE('',*,*,#611,.F.);
#108=ORIENTED_EDGE('',*,*,#612,.T.);
#109=ORIENTED_EDGE('',*,*,#613,.T.);
#110=ORIENTED_EDGE('',*,*,#614,.F.);
#111=ORIENTED_EDGE('',*,*,#615,.F.);
#112=ORIENTED_EDGE('',*,*,#616,.T.);
#113=ORIENTED_EDGE('',*,*,#617,.T.);
#114=ORIENTED_EDGE('',*,*,#618,.F.);
#115=ORIENTED_EDGE('',*,*,#619,.F.);
#116=ORIENTED_EDGE('',*,*,#620,.T.);
#117=ORIENTED_EDGE('',*,*,#621,.T.);
#118=ORIENTED_EDGE('',*,*,#622,.F.);
#119=ORIENTED_EDGE('',*,*,#623,.F.);
#120=ORIENTED_EDGE('',*,*,#624,.T.);
#121=ORIENTED_EDGE('',*,*,#625,.T.);
#122=ORIENTED_EDGE('',*,*,#626,.F.);
#123=ORIENTED_EDGE('',*,*,#627,.F.);
#124=ORIENTED_EDGE('',*,*,#628,.T.);
#125=ORIENTED_EDGE('',*,*,#629,.T.);
#126=ORIENTED_EDGE('',*,*,#630,.F.);
#127=ORIENTED_EDGE('',*,*,#631,.F.);
#128=ORIENTED_EDGE('',*,*,#632,.T.);
#129=ORIENTED_EDGE('',*,*,#633,.T.);
#130=ORIENTED_EDGE('',*,*,#634,.F.);
#131=ORIENTED_EDGE('',*,*,#635,.F.);
#132=ORIENTED_EDGE('',*,*,#636,.T.);
#133=ORIENTED_EDGE('',*,*,#637,.T.);
#134=ORIENTED_EDGE('',*,*,#638,.F.);
#135=ORIENTED_EDGE('',*,*,#639,.F.);
#136=ORIENTED_EDGE('',*,*,#640,.T.);
#137=ORIENTED_EDGE('',*,*,#641,.T.);
#138=ORIENTED_EDGE('',*,*,#642,.F.);
#139=ORIENTED_EDGE('',*,*,#643,.F.);
#140=ORIENTED_EDGE('',*,*,#644,.T.);
#141=ORIENTED_EDGE('',*,*,#645,.T.);
#142=ORIENTED_EDGE('',*,*,#646,.F.);
#143=ORIENTED_EDGE('',*,*,#647,.F.);
#144=ORIENTED_EDGE('',*,*,#648,.T.);
#145=ORIENTED_EDGE('',*,*,#649,.T.);
#146=ORIENTED_EDGE('',*,*,#650,.F.);
#147=ORIENTED_EDGE('',*,*,#651,.F.);
#148=ORIENTED_EDGE('',*,*,#652,.T.);
#149=ORIENTED_EDGE('',*,*,#653,.T.);
#150=ORIENTED_EDGE('',*,*,#654,.F.);
#151=ORIENTED_EDGE('',*,*,#655,.F.);
#152=ORIENTED_EDGE('',*,*,#656,.T.);
#153=ORIENTED_EDGE('',*,*,#657,.T.);
#154=ORIENTED_EDGE('',*,*,#658,.F.);
#155=ORIENTED_EDGE('',*,*,#659,.F.);
#156=ORIENTED_EDGE('',*,*,#660,.T.);
#157=ORIENTED_EDGE('',*,*,#661,.T.);
#158=ORIENTED_EDGE('',*,*,#662,.F.);
#159=ORIENTED_EDGE('',*,*,#663,.F.);
#160=ORIENTED_EDGE('',*,*,#664,.T.);
#161=ORIENTED_EDGE('',*,*,#665,.T.);
#162=ORIENTED_EDGE('',*,*,#666,.F.);
#163=ORIENTED_EDGE('',*,*,#667,.F.);
#164=ORIENTED_EDGE('',*,*,#668,.T.);
#165=ORIENTED_EDGE('',*,*,#669,.T.);
#166=ORIENTED_EDGE('',*,*,#670,.F.);
#167=ORIENTED_EDGE('',*,*,#671,.F.);
#168=ORIENTED_EDGE('',*,*,#672,.T.);
#169=ORIENTED_EDGE('',*,*,#673,.T.);
#170=ORIENTED_EDGE('',*,*,#674,.F.);
#171=ORIENTED_EDGE('',*,*,#675,.F.);
#172=ORIENTED_EDGE('',*,*,#676,.T.);
#173=ORIENTED_EDGE('',*,*,#677,.T.);
#174=ORIENTED_EDGE('',*,*,#678,.F.);
#175=ORIENTED_EDGE('',*,*,#679,.F.);
#176=ORIENTED_EDGE('',*,*,#680,.T.);
#177=ORIENTED_EDGE('',*,*,#681,.T.);
#178=ORIENTED_EDGE('',*,*,#682,.F.);
#179=ORIENTED_EDGE('',*,*,#683,.F.);
#180=ORIENTED_EDGE('',*,*,#640,.F.);
#181=ORIENTED_EDGE('',*,*,#684,.F.);
#182=ORIENTED_EDGE('',*,*,#516,.T.);
#183=ORIENTED_EDGE('',*,*,#685,.T.);
#184=ORIENTED_EDGE('',*,*,#643,.T.);
#185=ORIENTED_EDGE('',*,*,#686,.F.);
#186=ORIENTED_EDGE('',*,*,#517,.F.);
#187=ORIENTED_EDGE('',*,*,#684,.T.);
#188=ORIENTED_EDGE('',*,*,#642,.T.);
#189=ORIENTED_EDGE('',*,*,#687,.F.);
#190=ORIENTED_EDGE('',*,*,#518,.F.);
#191=ORIENTED_EDGE('',*,*,#686,.T.);
#192=ORIENTED_EDGE('',*,*,#641,.F.);
#193=ORIENTED_EDGE('',*,*,#685,.F.);
#194=ORIENTED_EDGE('',*,*,#519,.T.);
#195=ORIENTED_EDGE('',*,*,#687,.T.);
#196=ORIENTED_EDGE('',*,*,#688,.T.);
#197=ORIENTED_EDGE('',*,*,#636,.F.);
#198=ORIENTED_EDGE('',*,*,#689,.F.);
#199=ORIENTED_EDGE('',*,*,#521,.F.);
#200=ORIENTED_EDGE('',*,*,#522,.T.);
#201=ORIENTED_EDGE('',*,*,#689,.T.);
#202=ORIENTED_EDGE('',*,*,#639,.T.);
#203=ORIENTED_EDGE('',*,*,#690,.F.);
#204=ORIENTED_EDGE('',*,*,#523,.T.);
#205=ORIENTED_EDGE('',*,*,#690,.T.);
#206=ORIENTED_EDGE('',*,*,#638,.T.);
#207=ORIENTED_EDGE('',*,*,#691,.F.);
#208=ORIENTED_EDGE('',*,*,#691,.T.);
#209=ORIENTED_EDGE('',*,*,#637,.F.);
#210=ORIENTED_EDGE('',*,*,#688,.F.);
#211=ORIENTED_EDGE('',*,*,#520,.F.);
#212=ORIENTED_EDGE('',*,*,#692,.T.);
#213=ORIENTED_EDGE('',*,*,#644,.F.);
#214=ORIENTED_EDGE('',*,*,#693,.F.);
#215=ORIENTED_EDGE('',*,*,#525,.F.);
#216=ORIENTED_EDGE('',*,*,#526,.T.);
#217=ORIENTED_EDGE('',*,*,#693,.T.);
#218=ORIENTED_EDGE('',*,*,#647,.T.);
#219=ORIENTED_EDGE('',*,*,#694,.F.);
#220=ORIENTED_EDGE('',*,*,#527,.T.);
#221=ORIENTED_EDGE('',*,*,#694,.T.);
#222=ORIENTED_EDGE('',*,*,#646,.T.);
#223=ORIENTED_EDGE('',*,*,#695,.F.);
#224=ORIENTED_EDGE('',*,*,#695,.T.);
#225=ORIENTED_EDGE('',*,*,#645,.F.);
#226=ORIENTED_EDGE('',*,*,#692,.F.);
#227=ORIENTED_EDGE('',*,*,#524,.F.);
#228=ORIENTED_EDGE('',*,*,#696,.T.);
#229=ORIENTED_EDGE('',*,*,#632,.F.);
#230=ORIENTED_EDGE('',*,*,#697,.F.);
#231=ORIENTED_EDGE('',*,*,#529,.F.);
#232=ORIENTED_EDGE('',*,*,#530,.T.);
#233=ORIENTED_EDGE('',*,*,#697,.T.);
#234=ORIENTED_EDGE('',*,*,#635,.T.);
#235=ORIENTED_EDGE('',*,*,#698,.F.);
#236=ORIENTED_EDGE('',*,*,#531,.T.);
#237=ORIENTED_EDGE('',*,*,#698,.T.);
#238=ORIENTED_EDGE('',*,*,#634,.T.);
#239=ORIENTED_EDGE('',*,*,#699,.F.);
#240=ORIENTED_EDGE('',*,*,#699,.T.);
#241=ORIENTED_EDGE('',*,*,#633,.F.);
#242=ORIENTED_EDGE('',*,*,#696,.F.);
#243=ORIENTED_EDGE('',*,*,#528,.F.);
#244=ORIENTED_EDGE('',*,*,#700,.T.);
#245=ORIENTED_EDGE('',*,*,#648,.F.);
#246=ORIENTED_EDGE('',*,*,#701,.F.);
#247=ORIENTED_EDGE('',*,*,#533,.F.);
#248=ORIENTED_EDGE('',*,*,#534,.T.);
#249=ORIENTED_EDGE('',*,*,#701,.T.);
#250=ORIENTED_EDGE('',*,*,#651,.T.);
#251=ORIENTED_EDGE('',*,*,#702,.F.);
#252=ORIENTED_EDGE('',*,*,#535,.T.);
#253=ORIENTED_EDGE('',*,*,#702,.T.);
#254=ORIENTED_EDGE('',*,*,#650,.T.);
#255=ORIENTED_EDGE('',*,*,#703,.F.);
#256=ORIENTED_EDGE('',*,*,#703,.T.);
#257=ORIENTED_EDGE('',*,*,#649,.F.);
#258=ORIENTED_EDGE('',*,*,#700,.F.);
#259=ORIENTED_EDGE('',*,*,#532,.F.);
#260=ORIENTED_EDGE('',*,*,#704,.T.);
#261=ORIENTED_EDGE('',*,*,#628,.F.);
#262=ORIENTED_EDGE('',*,*,#705,.F.);
#263=ORIENTED_EDGE('',*,*,#537,.F.);
#264=ORIENTED_EDGE('',*,*,#538,.T.);
#265=ORIENTED_EDGE('',*,*,#705,.T.);
#266=ORIENTED_EDGE('',*,*,#631,.T.);
#267=ORIENTED_EDGE('',*,*,#706,.F.);
#268=ORIENTED_EDGE('',*,*,#539,.T.);
#269=ORIENTED_EDGE('',*,*,#706,.T.);
#270=ORIENTED_EDGE('',*,*,#630,.T.);
#271=ORIENTED_EDGE('',*,*,#707,.F.);
#272=ORIENTED_EDGE('',*,*,#707,.T.);
#273=ORIENTED_EDGE('',*,*,#629,.F.);
#274=ORIENTED_EDGE('',*,*,#704,.F.);
#275=ORIENTED_EDGE('',*,*,#536,.F.);
#276=ORIENTED_EDGE('',*,*,#708,.T.);
#277=ORIENTED_EDGE('',*,*,#652,.F.);
#278=ORIENTED_EDGE('',*,*,#709,.F.);
#279=ORIENTED_EDGE('',*,*,#541,.F.);
#280=ORIENTED_EDGE('',*,*,#542,.T.);
#281=ORIENTED_EDGE('',*,*,#709,.T.);
#282=ORIENTED_EDGE('',*,*,#655,.T.);
#283=ORIENTED_EDGE('',*,*,#710,.F.);
#284=ORIENTED_EDGE('',*,*,#543,.T.);
#285=ORIENTED_EDGE('',*,*,#710,.T.);
#286=ORIENTED_EDGE('',*,*,#654,.T.);
#287=ORIENTED_EDGE('',*,*,#711,.F.);
#288=ORIENTED_EDGE('',*,*,#711,.T.);
#289=ORIENTED_EDGE('',*,*,#653,.F.);
#290=ORIENTED_EDGE('',*,*,#708,.F.);
#291=ORIENTED_EDGE('',*,*,#540,.F.);
#292=ORIENTED_EDGE('',*,*,#712,.T.);
#293=ORIENTED_EDGE('',*,*,#624,.F.);
#294=ORIENTED_EDGE('',*,*,#713,.F.);
#295=ORIENTED_EDGE('',*,*,#545,.F.);
#296=ORIENTED_EDGE('',*,*,#546,.T.);
#297=ORIENTED_EDGE('',*,*,#713,.T.);
#298=ORIENTED_EDGE('',*,*,#627,.T.);
#299=ORIENTED_EDGE('',*,*,#714,.F.);
#300=ORIENTED_EDGE('',*,*,#547,.T.);
#301=ORIENTED_EDGE('',*,*,#714,.T.);
#302=ORIENTED_EDGE('',*,*,#626,.T.);
#303=ORIENTED_EDGE('',*,*,#715,.F.);
#304=ORIENTED_EDGE('',*,*,#715,.T.);
#305=ORIENTED_EDGE('',*,*,#625,.F.);
#306=ORIENTED_EDGE('',*,*,#712,.F.);
#307=ORIENTED_EDGE('',*,*,#544,.F.);
#308=ORIENTED_EDGE('',*,*,#716,.T.);
#309=ORIENTED_EDGE('',*,*,#656,.F.);
#310=ORIENTED_EDGE('',*,*,#717,.F.);
#311=ORIENTED_EDGE('',*,*,#549,.F.);
#312=ORIENTED_EDGE('',*,*,#550,.T.);
#313=ORIENTED_EDGE('',*,*,#717,.T.);
#314=ORIENTED_EDGE('',*,*,#659,.T.);
#315=ORIENTED_EDGE('',*,*,#718,.F.);
#316=ORIENTED_EDGE('',*,*,#551,.T.);
#317=ORIENTED_EDGE('',*,*,#718,.T.);
#318=ORIENTED_EDGE('',*,*,#658,.T.);
#319=ORIENTED_EDGE('',*,*,#719,.F.);
#320=ORIENTED_EDGE('',*,*,#719,.T.);
#321=ORIENTED_EDGE('',*,*,#657,.F.);
#322=ORIENTED_EDGE('',*,*,#716,.F.);
#323=ORIENTED_EDGE('',*,*,#548,.F.);
#324=ORIENTED_EDGE('',*,*,#720,.T.);
#325=ORIENTED_EDGE('',*,*,#620,.F.);
#326=ORIENTED_EDGE('',*,*,#721,.F.);
#327=ORIENTED_EDGE('',*,*,#553,.F.);
#328=ORIENTED_EDGE('',*,*,#554,.T.);
#329=ORIENTED_EDGE('',*,*,#721,.T.);
#330=ORIENTED_EDGE('',*,*,#623,.T.);
#331=ORIENTED_EDGE('',*,*,#722,.F.);
#332=ORIENTED_EDGE('',*,*,#555,.T.);
#333=ORIENTED_EDGE('',*,*,#722,.T.);
#334=ORIENTED_EDGE('',*,*,#622,.T.);
#335=ORIENTED_EDGE('',*,*,#723,.F.);
#336=ORIENTED_EDGE('',*,*,#723,.T.);
#337=ORIENTED_EDGE('',*,*,#621,.F.);
#338=ORIENTED_EDGE('',*,*,#720,.F.);
#339=ORIENTED_EDGE('',*,*,#552,.F.);
#340=ORIENTED_EDGE('',*,*,#724,.T.);
#341=ORIENTED_EDGE('',*,*,#660,.F.);
#342=ORIENTED_EDGE('',*,*,#725,.F.);
#343=ORIENTED_EDGE('',*,*,#557,.F.);
#344=ORIENTED_EDGE('',*,*,#558,.T.);
#345=ORIENTED_EDGE('',*,*,#725,.T.);
#346=ORIENTED_EDGE('',*,*,#663,.T.);
#347=ORIENTED_EDGE('',*,*,#726,.F.);
#348=ORIENTED_EDGE('',*,*,#559,.T.);
#349=ORIENTED_EDGE('',*,*,#726,.T.);
#350=ORIENTED_EDGE('',*,*,#662,.T.);
#351=ORIENTED_EDGE('',*,*,#727,.F.);
#352=ORIENTED_EDGE('',*,*,#727,.T.);
#353=ORIENTED_EDGE('',*,*,#661,.F.);
#354=ORIENTED_EDGE('',*,*,#724,.F.);
#355=ORIENTED_EDGE('',*,*,#556,.F.);
#356=ORIENTED_EDGE('',*,*,#728,.T.);
#357=ORIENTED_EDGE('',*,*,#616,.F.);
#358=ORIENTED_EDGE('',*,*,#729,.F.);
#359=ORIENTED_EDGE('',*,*,#561,.F.);
#360=ORIENTED_EDGE('',*,*,#562,.T.);
#361=ORIENTED_EDGE('',*,*,#729,.T.);
#362=ORIENTED_EDGE('',*,*,#619,.T.);
#363=ORIENTED_EDGE('',*,*,#730,.F.);
#364=ORIENTED_EDGE('',*,*,#563,.T.);
#365=ORIENTED_EDGE('',*,*,#730,.T.);
#366=ORIENTED_EDGE('',*,*,#618,.T.);
#367=ORIENTED_EDGE('',*,*,#731,.F.);
#368=ORIENTED_EDGE('',*,*,#731,.T.);
#369=ORIENTED_EDGE('',*,*,#617,.F.);
#370=ORIENTED_EDGE('',*,*,#728,.F.);
#371=ORIENTED_EDGE('',*,*,#560,.F.);
#372=ORIENTED_EDGE('',*,*,#732,.T.);
#373=ORIENTED_EDGE('',*,*,#664,.F.);
#374=ORIENTED_EDGE('',*,*,#733,.F.);
#375=ORIENTED_EDGE('',*,*,#565,.F.);
#376=ORIENTED_EDGE('',*,*,#566,.T.);
#377=ORIENTED_EDGE('',*,*,#733,.T.);
#378=ORIENTED_EDGE('',*,*,#667,.T.);
#379=ORIENTED_EDGE('',*,*,#734,.F.);
#380=ORIENTED_EDGE('',*,*,#567,.T.);
#381=ORIENTED_EDGE('',*,*,#734,.T.);
#382=ORIENTED_EDGE('',*,*,#666,.T.);
#383=ORIENTED_EDGE('',*,*,#735,.F.);
#384=ORIENTED_EDGE('',*,*,#735,.T.);
#385=ORIENTED_EDGE('',*,*,#665,.F.);
#386=ORIENTED_EDGE('',*,*,#732,.F.);
#387=ORIENTED_EDGE('',*,*,#564,.F.);
#388=ORIENTED_EDGE('',*,*,#736,.T.);
#389=ORIENTED_EDGE('',*,*,#612,.F.);
#390=ORIENTED_EDGE('',*,*,#737,.F.);
#391=ORIENTED_EDGE('',*,*,#569,.F.);
#392=ORIENTED_EDGE('',*,*,#570,.T.);
#393=ORIENTED_EDGE('',*,*,#737,.T.);
#394=ORIENTED_EDGE('',*,*,#615,.T.);
#395=ORIENTED_EDGE('',*,*,#738,.F.);
#396=ORIENTED_EDGE('',*,*,#571,.T.);
#397=ORIENTED_EDGE('',*,*,#738,.T.);
#398=ORIENTED_EDGE('',*,*,#614,.T.);
#399=ORIENTED_EDGE('',*,*,#739,.F.);
#400=ORIENTED_EDGE('',*,*,#739,.T.);
#401=ORIENTED_EDGE('',*,*,#613,.F.);
#402=ORIENTED_EDGE('',*,*,#736,.F.);
#403=ORIENTED_EDGE('',*,*,#568,.F.);
#404=ORIENTED_EDGE('',*,*,#740,.T.);
#405=ORIENTED_EDGE('',*,*,#668,.F.);
#406=ORIENTED_EDGE('',*,*,#741,.F.);
#407=ORIENTED_EDGE('',*,*,#573,.F.);
#408=ORIENTED_EDGE('',*,*,#574,.T.);
#409=ORIENTED_EDGE('',*,*,#741,.T.);
#410=ORIENTED_EDGE('',*,*,#671,.T.);
#411=ORIENTED_EDGE('',*,*,#742,.F.);
#412=ORIENTED_EDGE('',*,*,#575,.T.);
#413=ORIENTED_EDGE('',*,*,#742,.T.);
#414=ORIENTED_EDGE('',*,*,#670,.T.);
#415=ORIENTED_EDGE('',*,*,#743,.F.);
#416=ORIENTED_EDGE('',*,*,#743,.T.);
#417=ORIENTED_EDGE('',*,*,#669,.F.);
#418=ORIENTED_EDGE('',*,*,#740,.F.);
#419=ORIENTED_EDGE('',*,*,#572,.F.);
#420=ORIENTED_EDGE('',*,*,#744,.T.);
#421=ORIENTED_EDGE('',*,*,#608,.F.);
#422=ORIENTED_EDGE('',*,*,#745,.F.);
#423=ORIENTED_EDGE('',*,*,#577,.F.);
#424=ORIENTED_EDGE('',*,*,#578,.T.);
#425=ORIENTED_EDGE('',*,*,#745,.T.);
#426=ORIENTED_EDGE('',*,*,#611,.T.);
#427=ORIENTED_EDGE('',*,*,#746,.F.);
#428=ORIENTED_EDGE('',*,*,#579,.T.);
#429=ORIENTED_EDGE('',*,*,#746,.T.);
#430=ORIENTED_EDGE('',*,*,#610,.T.);
#431=ORIENTED_EDGE('',*,*,#747,.F.);
#432=ORIENTED_EDGE('',*,*,#747,.T.);
#433=ORIENTED_EDGE('',*,*,#609,.F.);
#434=ORIENTED_EDGE('',*,*,#744,.F.);
#435=ORIENTED_EDGE('',*,*,#576,.F.);
#436=ORIENTED_EDGE('',*,*,#748,.T.);
#437=ORIENTED_EDGE('',*,*,#672,.F.);
#438=ORIENTED_EDGE('',*,*,#749,.F.);
#439=ORIENTED_EDGE('',*,*,#581,.F.);
#440=ORIENTED_EDGE('',*,*,#582,.T.);
#441=ORIENTED_EDGE('',*,*,#749,.T.);
#442=ORIENTED_EDGE('',*,*,#675,.T.);
#443=ORIENTED_EDGE('',*,*,#750,.F.);
#444=ORIENTED_EDGE('',*,*,#583,.T.);
#445=ORIENTED_EDGE('',*,*,#750,.T.);
#446=ORIENTED_EDGE('',*,*,#674,.T.);
#447=ORIENTED_EDGE('',*,*,#751,.F.);
#448=ORIENTED_EDGE('',*,*,#751,.T.);
#449=ORIENTED_EDGE('',*,*,#673,.F.);
#450=ORIENTED_EDGE('',*,*,#748,.F.);
#451=ORIENTED_EDGE('',*,*,#580,.F.);
#452=ORIENTED_EDGE('',*,*,#752,.T.);
#453=ORIENTED_EDGE('',*,*,#604,.F.);
#454=ORIENTED_EDGE('',*,*,#753,.F.);
#455=ORIENTED_EDGE('',*,*,#585,.F.);
#456=ORIENTED_EDGE('',*,*,#586,.T.);
#457=ORIENTED_EDGE('',*,*,#753,.T.);
#458=ORIENTED_EDGE('',*,*,#607,.T.);
#459=ORIENTED_EDGE('',*,*,#754,.F.);
#460=ORIENTED_EDGE('',*,*,#587,.T.);
#461=ORIENTED_EDGE('',*,*,#754,.T.);
#462=ORIENTED_EDGE('',*,*,#606,.T.);
#463=ORIENTED_EDGE('',*,*,#755,.F.);
#464=ORIENTED_EDGE('',*,*,#755,.T.);
#465=ORIENTED_EDGE('',*,*,#605,.F.);
#466=ORIENTED_EDGE('',*,*,#752,.F.);
#467=ORIENTED_EDGE('',*,*,#584,.F.);
#468=ORIENTED_EDGE('',*,*,#756,.T.);
#469=ORIENTED_EDGE('',*,*,#676,.F.);
#470=ORIENTED_EDGE('',*,*,#757,.F.);
#471=ORIENTED_EDGE('',*,*,#589,.F.);
#472=ORIENTED_EDGE('',*,*,#590,.T.);
#473=ORIENTED_EDGE('',*,*,#757,.T.);
#474=ORIENTED_EDGE('',*,*,#679,.T.);
#475=ORIENTED_EDGE('',*,*,#758,.F.);
#476=ORIENTED_EDGE('',*,*,#591,.T.);
#477=ORIENTED_EDGE('',*,*,#758,.T.);
#478=ORIENTED_EDGE('',*,*,#678,.T.);
#479=ORIENTED_EDGE('',*,*,#759,.F.);
#480=ORIENTED_EDGE('',*,*,#759,.T.);
#481=ORIENTED_EDGE('',*,*,#677,.F.);
#482=ORIENTED_EDGE('',*,*,#756,.F.);
#483=ORIENTED_EDGE('',*,*,#588,.F.);
#484=ORIENTED_EDGE('',*,*,#760,.T.);
#485=ORIENTED_EDGE('',*,*,#600,.F.);
#486=ORIENTED_EDGE('',*,*,#761,.F.);
#487=ORIENTED_EDGE('',*,*,#593,.F.);
#488=ORIENTED_EDGE('',*,*,#594,.T.);
#489=ORIENTED_EDGE('',*,*,#761,.T.);
#490=ORIENTED_EDGE('',*,*,#603,.T.);
#491=ORIENTED_EDGE('',*,*,#762,.F.);
#492=ORIENTED_EDGE('',*,*,#595,.T.);
#493=ORIENTED_EDGE('',*,*,#762,.T.);
#494=ORIENTED_EDGE('',*,*,#602,.T.);
#495=ORIENTED_EDGE('',*,*,#763,.F.);
#496=ORIENTED_EDGE('',*,*,#763,.T.);
#497=ORIENTED_EDGE('',*,*,#601,.F.);
#498=ORIENTED_EDGE('',*,*,#760,.F.);
#499=ORIENTED_EDGE('',*,*,#592,.F.);
#500=ORIENTED_EDGE('',*,*,#764,.T.);
#501=ORIENTED_EDGE('',*,*,#680,.F.);
#502=ORIENTED_EDGE('',*,*,#765,.F.);
#503=ORIENTED_EDGE('',*,*,#597,.F.);
#504=ORIENTED_EDGE('',*,*,#598,.T.);
#505=ORIENTED_EDGE('',*,*,#765,.T.);
#506=ORIENTED_EDGE('',*,*,#683,.T.);
#507=ORIENTED_EDGE('',*,*,#766,.F.);
#508=ORIENTED_EDGE('',*,*,#599,.T.);
#509=ORIENTED_EDGE('',*,*,#766,.T.);
#510=ORIENTED_EDGE('',*,*,#682,.T.);
#511=ORIENTED_EDGE('',*,*,#767,.F.);
#512=ORIENTED_EDGE('',*,*,#767,.T.);
#513=ORIENTED_EDGE('',*,*,#681,.F.);
#514=ORIENTED_EDGE('',*,*,#764,.F.);
#515=ORIENTED_EDGE('',*,*,#596,.F.);
#516=EDGE_CURVE('',#768,#769,#936,.T.);
#517=EDGE_CURVE('',#768,#770,#937,.T.);
#518=EDGE_CURVE('',#770,#771,#938,.T.);
#519=EDGE_CURVE('',#769,#771,#939,.T.);
#520=EDGE_CURVE('',#772,#773,#940,.T.);
#521=EDGE_CURVE('',#773,#774,#941,.T.);
#522=EDGE_CURVE('',#775,#774,#942,.T.);
#523=EDGE_CURVE('',#772,#775,#943,.T.);
#524=EDGE_CURVE('',#776,#777,#944,.T.);
#525=EDGE_CURVE('',#777,#778,#945,.T.);
#526=EDGE_CURVE('',#779,#778,#946,.T.);
#527=EDGE_CURVE('',#776,#779,#947,.T.);
#528=EDGE_CURVE('',#780,#781,#948,.T.);
#529=EDGE_CURVE('',#781,#782,#949,.T.);
#530=EDGE_CURVE('',#783,#782,#950,.T.);
#531=EDGE_CURVE('',#780,#783,#951,.T.);
#532=EDGE_CURVE('',#784,#785,#952,.T.);
#533=EDGE_CURVE('',#785,#786,#953,.T.);
#534=EDGE_CURVE('',#787,#786,#954,.T.);
#535=EDGE_CURVE('',#784,#787,#955,.T.);
#536=EDGE_CURVE('',#788,#789,#956,.T.);
#537=EDGE_CURVE('',#789,#790,#957,.T.);
#538=EDGE_CURVE('',#791,#790,#958,.T.);
#539=EDGE_CURVE('',#788,#791,#959,.T.);
#540=EDGE_CURVE('',#792,#793,#960,.T.);
#541=EDGE_CURVE('',#793,#794,#961,.T.);
#542=EDGE_CURVE('',#795,#794,#962,.T.);
#543=EDGE_CURVE('',#792,#795,#963,.T.);
#544=EDGE_CURVE('',#796,#797,#964,.T.);
#545=EDGE_CURVE('',#797,#798,#965,.T.);
#546=EDGE_CURVE('',#799,#798,#966,.T.);
#547=EDGE_CURVE('',#796,#799,#967,.T.);
#548=EDGE_CURVE('',#800,#801,#968,.T.);
#549=EDGE_CURVE('',#801,#802,#969,.T.);
#550=EDGE_CURVE('',#803,#802,#970,.T.);
#551=EDGE_CURVE('',#800,#803,#971,.T.);
#552=EDGE_CURVE('',#804,#805,#972,.T.);
#553=EDGE_CURVE('',#805,#806,#973,.T.);
#554=EDGE_CURVE('',#807,#806,#974,.T.);
#555=EDGE_CURVE('',#804,#807,#975,.T.);
#556=EDGE_CURVE('',#808,#809,#976,.T.);
#557=EDGE_CURVE('',#809,#810,#977,.T.);
#558=EDGE_CURVE('',#811,#810,#978,.T.);
#559=EDGE_CURVE('',#808,#811,#979,.T.);
#560=EDGE_CURVE('',#812,#813,#980,.T.);
#561=EDGE_CURVE('',#813,#814,#981,.T.);
#562=EDGE_CURVE('',#815,#814,#982,.T.);
#563=EDGE_CURVE('',#812,#815,#983,.T.);
#564=EDGE_CURVE('',#816,#817,#984,.T.);
#565=EDGE_CURVE('',#817,#818,#985,.T.);
#566=EDGE_CURVE('',#819,#818,#986,.T.);
#567=EDGE_CURVE('',#816,#819,#987,.T.);
#568=EDGE_CURVE('',#820,#821,#988,.T.);
#569=EDGE_CURVE('',#821,#822,#989,.T.);
#570=EDGE_CURVE('',#823,#822,#990,.T.);
#571=EDGE_CURVE('',#820,#823,#991,.T.);
#572=EDGE_CURVE('',#824,#825,#992,.T.);
#573=EDGE_CURVE('',#825,#826,#993,.T.);
#574=EDGE_CURVE('',#827,#826,#994,.T.);
#575=EDGE_CURVE('',#824,#827,#995,.T.);
#576=EDGE_CURVE('',#828,#829,#996,.T.);
#577=EDGE_CURVE('',#829,#830,#997,.T.);
#578=EDGE_CURVE('',#831,#830,#998,.T.);
#579=EDGE_CURVE('',#828,#831,#999,.T.);
#580=EDGE_CURVE('',#832,#833,#1000,.T.);
#581=EDGE_CURVE('',#833,#834,#1001,.T.);
#582=EDGE_CURVE('',#835,#834,#1002,.T.);
#583=EDGE_CURVE('',#832,#835,#1003,.T.);
#584=EDGE_CURVE('',#836,#837,#1004,.T.);
#585=EDGE_CURVE('',#837,#838,#1005,.T.);
#586=EDGE_CURVE('',#839,#838,#1006,.T.);
#587=EDGE_CURVE('',#836,#839,#1007,.T.);
#588=EDGE_CURVE('',#840,#841,#1008,.T.);
#589=EDGE_CURVE('',#841,#842,#1009,.T.);
#590=EDGE_CURVE('',#843,#842,#1010,.T.);
#591=EDGE_CURVE('',#840,#843,#1011,.T.);
#592=EDGE_CURVE('',#844,#845,#1012,.T.);
#593=EDGE_CURVE('',#845,#846,#1013,.T.);
#594=EDGE_CURVE('',#847,#846,#1014,.T.);
#595=EDGE_CURVE('',#844,#847,#1015,.T.);
#596=EDGE_CURVE('',#848,#849,#1016,.T.);
#597=EDGE_CURVE('',#849,#850,#1017,.T.);
#598=EDGE_CURVE('',#851,#850,#1018,.T.);
#599=EDGE_CURVE('',#848,#851,#1019,.T.);
#600=EDGE_CURVE('',#852,#853,#1020,.T.);
#601=EDGE_CURVE('',#853,#854,#1021,.T.);
#602=EDGE_CURVE('',#855,#854,#1022,.T.);
#603=EDGE_CURVE('',#852,#855,#1023,.T.);
#604=EDGE_CURVE('',#856,#857,#1024,.T.);
#605=EDGE_CURVE('',#857,#858,#1025,.T.);
#606=EDGE_CURVE('',#859,#858,#1026,.T.);
#607=EDGE_CURVE('',#856,#859,#1027,.T.);
#608=EDGE_CURVE('',#860,#861,#1028,.T.);
#609=EDGE_CURVE('',#861,#862,#1029,.T.);
#610=EDGE_CURVE('',#863,#862,#1030,.T.);
#611=EDGE_CURVE('',#860,#863,#1031,.T.);
#612=EDGE_CURVE('',#864,#865,#1032,.T.);
#613=EDGE_CURVE('',#865,#866,#1033,.T.);
#614=EDGE_CURVE('',#867,#866,#1034,.T.);
#615=EDGE_CURVE('',#864,#867,#1035,.T.);
#616=EDGE_CURVE('',#868,#869,#1036,.T.);
#617=EDGE_CURVE('',#869,#870,#1037,.T.);
#618=EDGE_CURVE('',#871,#870,#1038,.T.);
#619=EDGE_CURVE('',#868,#871,#1039,.T.);
#620=EDGE_CURVE('',#872,#873,#1040,.T.);
#621=EDGE_CURVE('',#873,#874,#1041,.T.);
#622=EDGE_CURVE('',#875,#874,#1042,.T.);
#623=EDGE_CURVE('',#872,#875,#1043,.T.);
#624=EDGE_CURVE('',#876,#877,#1044,.T.);
#625=EDGE_CURVE('',#877,#878,#1045,.T.);
#626=EDGE_CURVE('',#879,#878,#1046,.T.);
#627=EDGE_CURVE('',#876,#879,#1047,.T.);
#628=EDGE_CURVE('',#880,#881,#1048,.T.);
#629=EDGE_CURVE('',#881,#882,#1049,.T.);
#630=EDGE_CURVE('',#883,#882,#1050,.T.);
#631=EDGE_CURVE('',#880,#883,#1051,.T.);
#632=EDGE_CURVE('',#884,#885,#1052,.T.);
#633=EDGE_CURVE('',#885,#886,#1053,.T.);
#634=EDGE_CURVE('',#887,#886,#1054,.T.);
#635=EDGE_CURVE('',#884,#887,#1055,.T.);
#636=EDGE_CURVE('',#888,#889,#1056,.T.);
#637=EDGE_CURVE('',#889,#890,#1057,.T.);
#638=EDGE_CURVE('',#891,#890,#1058,.T.);
#639=EDGE_CURVE('',#888,#891,#1059,.T.);
#640=EDGE_CURVE('',#892,#893,#1060,.T.);
#641=EDGE_CURVE('',#893,#894,#1061,.T.);
#642=EDGE_CURVE('',#895,#894,#1062,.T.);
#643=EDGE_CURVE('',#892,#895,#1063,.T.);
#644=EDGE_CURVE('',#896,#897,#1064,.T.);
#645=EDGE_CURVE('',#897,#898,#1065,.T.);
#646=EDGE_CURVE('',#899,#898,#1066,.T.);
#647=EDGE_CURVE('',#896,#899,#1067,.T.);
#648=EDGE_CURVE('',#900,#901,#1068,.T.);
#649=EDGE_CURVE('',#901,#902,#1069,.T.);
#650=EDGE_CURVE('',#903,#902,#1070,.T.);
#651=EDGE_CURVE('',#900,#903,#1071,.T.);
#652=EDGE_CURVE('',#904,#905,#1072,.T.);
#653=EDGE_CURVE('',#905,#906,#1073,.T.);
#654=EDGE_CURVE('',#907,#906,#1074,.T.);
#655=EDGE_CURVE('',#904,#907,#1075,.T.);
#656=EDGE_CURVE('',#908,#909,#1076,.T.);
#657=EDGE_CURVE('',#909,#910,#1077,.T.);
#658=EDGE_CURVE('',#911,#910,#1078,.T.);
#659=EDGE_CURVE('',#908,#911,#1079,.T.);
#660=EDGE_CURVE('',#912,#913,#1080,.T.);
#661=EDGE_CURVE('',#913,#914,#1081,.T.);
#662=EDGE_CURVE('',#915,#914,#1082,.T.);
#663=EDGE_CURVE('',#912,#915,#1083,.T.);
#664=EDGE_CURVE('',#916,#917,#1084,.T.);
#665=EDGE_CURVE('',#917,#918,#1085,.T.);
#666=EDGE_CURVE('',#919,#918,#1086,.T.);
#667=EDGE_CURVE('',#916,#919,#1087,.T.);
#668=EDGE_CURVE('',#920,#921,#1088,.T.);
#669=EDGE_CURVE('',#921,#922,#1089,.T.);
#670=EDGE_CURVE('',#923,#922,#1090,.T.);
#671=EDGE_CURVE('',#920,#923,#1091,.T.);
#672=EDGE_CURVE('',#924,#925,#1092,.T.);
#673=EDGE_CURVE('',#925,#926,#1093,.T.);
#674=EDGE_CURVE('',#927,#926,#1094,.T.);
#675=EDGE_CURVE('',#924,#927,#1095,.T.);
#676=EDGE_CURVE('',#928,#929,#1096,.T.);
#677=EDGE_CURVE('',#929,#930,#1097,.T.);
#678=EDGE_CURVE('',#931,#930,#1098,.T.);
#679=EDGE_CURVE('',#928,#931,#1099,.T.);
#680=EDGE_CURVE('',#932,#933,#1100,.T.);
#681=EDGE_CURVE('',#933,#934,#1101,.T.);
#682=EDGE_CURVE('',#935,#934,#1102,.T.);
#683=EDGE_CURVE('',#932,#935,#1103,.T.);
#684=EDGE_CURVE('',#768,#892,#1104,.T.);
#685=EDGE_CURVE('',#769,#893,#1105,.T.);
#686=EDGE_CURVE('',#770,#895,#1106,.T.);
#687=EDGE_CURVE('',#771,#894,#1107,.T.);
#688=EDGE_CURVE('',#773,#889,#1108,.T.);
#689=EDGE_CURVE('',#774,#888,#1109,.T.);
#690=EDGE_CURVE('',#775,#891,#1110,.T.);
#691=EDGE_CURVE('',#772,#890,#1111,.T.);
#692=EDGE_CURVE('',#777,#897,#1112,.T.);
#693=EDGE_CURVE('',#778,#896,#1113,.T.);
#694=EDGE_CURVE('',#779,#899,#1114,.T.);
#695=EDGE_CURVE('',#776,#898,#1115,.T.);
#696=EDGE_CURVE('',#781,#885,#1116,.T.);
#697=EDGE_CURVE('',#782,#884,#1117,.T.);
#698=EDGE_CURVE('',#783,#887,#1118,.T.);
#699=EDGE_CURVE('',#780,#886,#1119,.T.);
#700=EDGE_CURVE('',#785,#901,#1120,.T.);
#701=EDGE_CURVE('',#786,#900,#1121,.T.);
#702=EDGE_CURVE('',#787,#903,#1122,.T.);
#703=EDGE_CURVE('',#784,#902,#1123,.T.);
#704=EDGE_CURVE('',#789,#881,#1124,.T.);
#705=EDGE_CURVE('',#790,#880,#1125,.T.);
#706=EDGE_CURVE('',#791,#883,#1126,.T.);
#707=EDGE_CURVE('',#788,#882,#1127,.T.);
#708=EDGE_CURVE('',#793,#905,#1128,.T.);
#709=EDGE_CURVE('',#794,#904,#1129,.T.);
#710=EDGE_CURVE('',#795,#907,#1130,.T.);
#711=EDGE_CURVE('',#792,#906,#1131,.T.);
#712=EDGE_CURVE('',#797,#877,#1132,.T.);
#713=EDGE_CURVE('',#798,#876,#1133,.T.);
#714=EDGE_CURVE('',#799,#879,#1134,.T.);
#715=EDGE_CURVE('',#796,#878,#1135,.T.);
#716=EDGE_CURVE('',#801,#909,#1136,.T.);
#717=EDGE_CURVE('',#802,#908,#1137,.T.);
#718=EDGE_CURVE('',#803,#911,#1138,.T.);
#719=EDGE_CURVE('',#800,#910,#1139,.T.);
#720=EDGE_CURVE('',#805,#873,#1140,.T.);
#721=EDGE_CURVE('',#806,#872,#1141,.T.);
#722=EDGE_CURVE('',#807,#875,#1142,.T.);
#723=EDGE_CURVE('',#804,#874,#1143,.T.);
#724=EDGE_CURVE('',#809,#913,#1144,.T.);
#725=EDGE_CURVE('',#810,#912,#1145,.T.);
#726=EDGE_CURVE('',#811,#915,#1146,.T.);
#727=EDGE_CURVE('',#808,#914,#1147,.T.);
#728=EDGE_CURVE('',#813,#869,#1148,.T.);
#729=EDGE_CURVE('',#814,#868,#1149,.T.);
#730=EDGE_CURVE('',#815,#871,#1150,.T.);
#731=EDGE_CURVE('',#812,#870,#1151,.T.);
#732=EDGE_CURVE('',#817,#917,#1152,.T.);
#733=EDGE_CURVE('',#818,#916,#1153,.T.);
#734=EDGE_CURVE('',#819,#919,#1154,.T.);
#735=EDGE_CURVE('',#816,#918,#1155,.T.);
#736=EDGE_CURVE('',#821,#865,#1156,.T.);
#737=EDGE_CURVE('',#822,#864,#1157,.T.);
#738=EDGE_CURVE('',#823,#867,#1158,.T.);
#739=EDGE_CURVE('',#820,#866,#1159,.T.);
#740=EDGE_CURVE('',#825,#921,#1160,.T.);
#741=EDGE_CURVE('',#826,#920,#1161,.T.);
#742=EDGE_CURVE('',#827,#923,#1162,.T.);
#743=EDGE_CURVE('',#824,#922,#1163,.T.);
#744=EDGE_CURVE('',#829,#861,#1164,.T.);
#745=EDGE_CURVE('',#830,#860,#1165,.T.);
#746=EDGE_CURVE('',#831,#863,#1166,.T.);
#747=EDGE_CURVE('',#828,#862,#1167,.T.);
#748=EDGE_CURVE('',#833,#925,#1168,.T.);
#749=EDGE_CURVE('',#834,#924,#1169,.T.);
#750=EDGE_CURVE('',#835,#927,#1170,.T.);
#751=EDGE_CURVE('',#832,#926,#1171,.T.);
#752=EDGE_CURVE('',#837,#857,#1172,.T.);
#753=EDGE_CURVE('',#838,#856,#1173,.T.);
#754=EDGE_CURVE('',#839,#859,#1174,.T.);
#755=EDGE_CURVE('',#836,#858,#1175,.T.);
#756=EDGE_CURVE('',#841,#929,#1176,.T.);
#757=EDGE_CURVE('',#842,#928,#1177,.T.);
#758=EDGE_CURVE('',#843,#931,#1178,.T.);
#759=EDGE_CURVE('',#840,#930,#1179,.T.);
#760=EDGE_CURVE('',#845,#853,#1180,.T.);
#761=EDGE_CURVE('',#846,#852,#1181,.T.);
#762=EDGE_CURVE('',#847,#855,#1182,.T.);
#763=EDGE_CURVE('',#844,#854,#1183,.T.);
#764=EDGE_CURVE('',#849,#933,#1184,.T.);
#765=EDGE_CURVE('',#850,#932,#1185,.T.);
#766=EDGE_CURVE('',#851,#935,#1186,.T.);
#767=EDGE_CURVE('',#848,#934,#1187,.T.);
#768=VERTEX_POINT('',#2392);
#769=VERTEX_POINT('',#2393);
#770=VERTEX_POINT('',#2395);
#771=VERTEX_POINT('',#2397);
#772=VERTEX_POINT('',#2400);
#773=VERTEX_POINT('',#2401);
#774=VERTEX_POINT('',#2403);
#775=VERTEX_POINT('',#2405);
#776=VERTEX_POINT('',#2408);
#777=VERTEX_POINT('',#2409);
#778=VERTEX_POINT('',#2411);
#779=VERTEX_POINT('',#2413);
#780=VERTEX_POINT('',#2416);
#781=VERTEX_POINT('',#2417);
#782=VERTEX_POINT('',#2419);
#783=VERTEX_POINT('',#2421);
#784=VERTEX_POINT('',#2424);
#785=VERTEX_POINT('',#2425);
#786=VERTEX_POINT('',#2427);
#787=VERTEX_POINT('',#2429);
#788=VERTEX_POINT('',#2432);
#789=VERTEX_POINT('',#2433);
#790=VERTEX_POINT('',#2435);
#791=VERTEX_POINT('',#2437);
#792=VERTEX_POINT('',#2440);
#793=VERTEX_POINT('',#2441);
#794=VERTEX_POINT('',#2443);
#795=VERTEX_POINT('',#2445);
#796=VERTEX_POINT('',#2448);
#797=VERTEX_POINT('',#2449);
#798=VERTEX_POINT('',#2451);
#799=VERTEX_POINT('',#2453);
#800=VERTEX_POINT('',#2456);
#801=VERTEX_POINT('',#2457);
#802=VERTEX_POINT('',#2459);
#803=VERTEX_POINT('',#2461);
#804=VERTEX_POINT('',#2464);
#805=VERTEX_POINT('',#2465);
#806=VERTEX_POINT('',#2467);
#807=VERTEX_POINT('',#2469);
#808=VERTEX_POINT('',#2472);
#809=VERTEX_POINT('',#2473);
#810=VERTEX_POINT('',#2475);
#811=VERTEX_POINT('',#2477);
#812=VERTEX_POINT('',#2480);
#813=VERTEX_POINT('',#2481);
#814=VERTEX_POINT('',#2483);
#815=VERTEX_POINT('',#2485);
#816=VERTEX_POINT('',#2488);
#817=VERTEX_POINT('',#2489);
#818=VERTEX_POINT('',#2491);
#819=VERTEX_POINT('',#2493);
#820=VERTEX_POINT('',#2496);
#821=VERTEX_POINT('',#2497);
#822=VERTEX_POINT('',#2499);
#823=VERTEX_POINT('',#2501);
#824=VERTEX_POINT('',#2504);
#825=VERTEX_POINT('',#2505);
#826=VERTEX_POINT('',#2507);
#827=VERTEX_POINT('',#2509);
#828=VERTEX_POINT('',#2512);
#829=VERTEX_POINT('',#2513);
#830=VERTEX_POINT('',#2515);
#831=VERTEX_POINT('',#2517);
#832=VERTEX_POINT('',#2520);
#833=VERTEX_POINT('',#2521);
#834=VERTEX_POINT('',#2523);
#835=VERTEX_POINT('',#2525);
#836=VERTEX_POINT('',#2528);
#837=VERTEX_POINT('',#2529);
#838=VERTEX_POINT('',#2531);
#839=VERTEX_POINT('',#2533);
#840=VERTEX_POINT('',#2536);
#841=VERTEX_POINT('',#2537);
#842=VERTEX_POINT('',#2539);
#843=VERTEX_POINT('',#2541);
#844=VERTEX_POINT('',#2544);
#845=VERTEX_POINT('',#2545);
#846=VERTEX_POINT('',#2547);
#847=VERTEX_POINT('',#2549);
#848=VERTEX_POINT('',#2552);
#849=VERTEX_POINT('',#2553);
#850=VERTEX_POINT('',#2555);
#851=VERTEX_POINT('',#2557);
#852=VERTEX_POINT('',#2561);
#853=VERTEX_POINT('',#2562);
#854=VERTEX_POINT('',#2564);
#855=VERTEX_POINT('',#2566);
#856=VERTEX_POINT('',#2569);
#857=VERTEX_POINT('',#2570);
#858=VERTEX_POINT('',#2572);
#859=VERTEX_POINT('',#2574);
#860=VERTEX_POINT('',#2577);
#861=VERTEX_POINT('',#2578);
#862=VERTEX_POINT('',#2580);
#863=VERTEX_POINT('',#2582);
#864=VERTEX_POINT('',#2585);
#865=VERTEX_POINT('',#2586);
#866=VERTEX_POINT('',#2588);
#867=VERTEX_POINT('',#2590);
#868=VERTEX_POINT('',#2593);
#869=VERTEX_POINT('',#2594);
#870=VERTEX_POINT('',#2596);
#871=VERTEX_POINT('',#2598);
#872=VERTEX_POINT('',#2601);
#873=VERTEX_POINT('',#2602);
#874=VERTEX_POINT('',#2604);
#875=VERTEX_POINT('',#2606);
#876=VERTEX_POINT('',#2609);
#877=VERTEX_POINT('',#2610);
#878=VERTEX_POINT('',#2612);
#879=VERTEX_POINT('',#2614);
#880=VERTEX_POINT('',#2617);
#881=VERTEX_POINT('',#2618);
#882=VERTEX_POINT('',#2620);
#883=VERTEX_POINT('',#2622);
#884=VERTEX_POINT('',#2625);
#885=VERTEX_POINT('',#2626);
#886=VERTEX_POINT('',#2628);
#887=VERTEX_POINT('',#2630);
#888=VERTEX_POINT('',#2633);
#889=VERTEX_POINT('',#2634);
#890=VERTEX_POINT('',#2636);
#891=VERTEX_POINT('',#2638);
#892=VERTEX_POINT('',#2641);
#893=VERTEX_POINT('',#2642);
#894=VERTEX_POINT('',#2644);
#895=VERTEX_POINT('',#2646);
#896=VERTEX_POINT('',#2649);
#897=VERTEX_POINT('',#2650);
#898=VERTEX_POINT('',#2652);
#899=VERTEX_POINT('',#2654);
#900=VERTEX_POINT('',#2657);
#901=VERTEX_POINT('',#2658);
#902=VERTEX_POINT('',#2660);
#903=VERTEX_POINT('',#2662);
#904=VERTEX_POINT('',#2665);
#905=VERTEX_POINT('',#2666);
#906=VERTEX_POINT('',#2668);
#907=VERTEX_POINT('',#2670);
#908=VERTEX_POINT('',#2673);
#909=VERTEX_POINT('',#2674);
#910=VERTEX_POINT('',#2676);
#911=VERTEX_POINT('',#2678);
#912=VERTEX_POINT('',#2681);
#913=VERTEX_POINT('',#2682);
#914=VERTEX_POINT('',#2684);
#915=VERTEX_POINT('',#2686);
#916=VERTEX_POINT('',#2689);
#917=VERTEX_POINT('',#2690);
#918=VERTEX_POINT('',#2692);
#919=VERTEX_POINT('',#2694);
#920=VERTEX_POINT('',#2697);
#921=VERTEX_POINT('',#2698);
#922=VERTEX_POINT('',#2700);
#923=VERTEX_POINT('',#2702);
#924=VERTEX_POINT('',#2705);
#925=VERTEX_POINT('',#2706);
#926=VERTEX_POINT('',#2708);
#927=VERTEX_POINT('',#2710);
#928=VERTEX_POINT('',#2713);
#929=VERTEX_POINT('',#2714);
#930=VERTEX_POINT('',#2716);
#931=VERTEX_POINT('',#2718);
#932=VERTEX_POINT('',#2721);
#933=VERTEX_POINT('',#2722);
#934=VERTEX_POINT('',#2724);
#935=VERTEX_POINT('',#2726);
#936=LINE('',#2391,#1188);
#937=LINE('',#2394,#1189);
#938=LINE('',#2396,#1190);
#939=LINE('',#2398,#1191);
#940=LINE('',#2399,#1192);
#941=LINE('',#2402,#1193);
#942=LINE('',#2404,#1194);
#943=LINE('',#2406,#1195);
#944=LINE('',#2407,#1196);
#945=LINE('',#2410,#1197);
#946=LINE('',#2412,#1198);
#947=LINE('',#2414,#1199);
#948=LINE('',#2415,#1200);
#949=LINE('',#2418,#1201);
#950=LINE('',#2420,#1202);
#951=LINE('',#2422,#1203);
#952=LINE('',#2423,#1204);
#953=LINE('',#2426,#1205);
#954=LINE('',#2428,#1206);
#955=LINE('',#2430,#1207);
#956=LINE('',#2431,#1208);
#957=LINE('',#2434,#1209);
#958=LINE('',#2436,#1210);
#959=LINE('',#2438,#1211);
#960=LINE('',#2439,#1212);
#961=LINE('',#2442,#1213);
#962=LINE('',#2444,#1214);
#963=LINE('',#2446,#1215);
#964=LINE('',#2447,#1216);
#965=LINE('',#2450,#1217);
#966=LINE('',#2452,#1218);
#967=LINE('',#2454,#1219);
#968=LINE('',#2455,#1220);
#969=LINE('',#2458,#1221);
#970=LINE('',#2460,#1222);
#971=LINE('',#2462,#1223);
#972=LINE('',#2463,#1224);
#973=LINE('',#2466,#1225);
#974=LINE('',#2468,#1226);
#975=LINE('',#2470,#1227);
#976=LINE('',#2471,#1228);
#977=LINE('',#2474,#1229);
#978=LINE('',#2476,#1230);
#979=LINE('',#2478,#1231);
#980=LINE('',#2479,#1232);
#981=LINE('',#2482,#1233);
#982=LINE('',#2484,#1234);
#983=LINE('',#2486,#1235);
#984=LINE('',#2487,#1236);
#985=LINE('',#2490,#1237);
#986=LINE('',#2492,#1238);
#987=LINE('',#2494,#1239);
#988=LINE('',#2495,#1240);
#989=LINE('',#2498,#1241);
#990=LINE('',#2500,#1242);
#991=LINE('',#2502,#1243);
#992=LINE('',#2503,#1244);
#993=LINE('',#2506,#1245);
#994=LINE('',#2508,#1246);
#995=LINE('',#2510,#1247);
#996=LINE('',#2511,#1248);
#997=LINE('',#2514,#1249);
#998=LINE('',#2516,#1250);
#999=LINE('',#2518,#1251);
#1000=LINE('',#2519,#1252);
#1001=LINE('',#2522,#1253);
#1002=LINE('',#2524,#1254);
#1003=LINE('',#2526,#1255);
#1004=LINE('',#2527,#1256);
#1005=LINE('',#2530,#1257);
#1006=LINE('',#2532,#1258);
#1007=LINE('',#2534,#1259);
#1008=LINE('',#2535,#1260);
#1009=LINE('',#2538,#1261);
#1010=LINE('',#2540,#1262);
#1011=LINE('',#2542,#1263);
#1012=LINE('',#2543,#1264);
#1013=LINE('',#2546,#1265);
#1014=LINE('',#2548,#1266);
#1015=LINE('',#2550,#1267);
#1016=LINE('',#2551,#1268);
#1017=LINE('',#2554,#1269);
#1018=LINE('',#2556,#1270);
#1019=LINE('',#2558,#1271);
#1020=LINE('',#2560,#1272);
#1021=LINE('',#2563,#1273);
#1022=LINE('',#2565,#1274);
#1023=LINE('',#2567,#1275);
#1024=LINE('',#2568,#1276);
#1025=LINE('',#2571,#1277);
#1026=LINE('',#2573,#1278);
#1027=LINE('',#2575,#1279);
#1028=LINE('',#2576,#1280);
#1029=LINE('',#2579,#1281);
#1030=LINE('',#2581,#1282);
#1031=LINE('',#2583,#1283);
#1032=LINE('',#2584,#1284);
#1033=LINE('',#2587,#1285);
#1034=LINE('',#2589,#1286);
#1035=LINE('',#2591,#1287);
#1036=LINE('',#2592,#1288);
#1037=LINE('',#2595,#1289);
#1038=LINE('',#2597,#1290);
#1039=LINE('',#2599,#1291);
#1040=LINE('',#2600,#1292);
#1041=LINE('',#2603,#1293);
#1042=LINE('',#2605,#1294);
#1043=LINE('',#2607,#1295);
#1044=LINE('',#2608,#1296);
#1045=LINE('',#2611,#1297);
#1046=LINE('',#2613,#1298);
#1047=LINE('',#2615,#1299);
#1048=LINE('',#2616,#1300);
#1049=LINE('',#2619,#1301);
#1050=LINE('',#2621,#1302);
#1051=LINE('',#2623,#1303);
#1052=LINE('',#2624,#1304);
#1053=LINE('',#2627,#1305);
#1054=LINE('',#2629,#1306);
#1055=LINE('',#2631,#1307);
#1056=LINE('',#2632,#1308);
#1057=LINE('',#2635,#1309);
#1058=LINE('',#2637,#1310);
#1059=LINE('',#2639,#1311);
#1060=LINE('',#2640,#1312);
#1061=LINE('',#2643,#1313);
#1062=LINE('',#2645,#1314);
#1063=LINE('',#2647,#1315);
#1064=LINE('',#2648,#1316);
#1065=LINE('',#2651,#1317);
#1066=LINE('',#2653,#1318);
#1067=LINE('',#2655,#1319);
#1068=LINE('',#2656,#1320);
#1069=LINE('',#2659,#1321);
#1070=LINE('',#2661,#1322);
#1071=LINE('',#2663,#1323);
#1072=LINE('',#2664,#1324);
#1073=LINE('',#2667,#1325);
#1074=LINE('',#2669,#1326);
#1075=LINE('',#2671,#1327);
#1076=LINE('',#2672,#1328);
#1077=LINE('',#2675,#1329);
#1078=LINE('',#2677,#1330);
#1079=LINE('',#2679,#1331);
#1080=LINE('',#2680,#1332);
#1081=LINE('',#2683,#1333);
#1082=LINE('',#2685,#1334);
#1083=LINE('',#2687,#1335);
#1084=LINE('',#2688,#1336);
#1085=LINE('',#2691,#1337);
#1086=LINE('',#2693,#1338);
#1087=LINE('',#2695,#1339);
#1088=LINE('',#2696,#1340);
#1089=LINE('',#2699,#1341);
#1090=LINE('',#2701,#1342);
#1091=LINE('',#2703,#1343);
#1092=LINE('',#2704,#1344);
#1093=LINE('',#2707,#1345);
#1094=LINE('',#2709,#1346);
#1095=LINE('',#2711,#1347);
#1096=LINE('',#2712,#1348);
#1097=LINE('',#2715,#1349);
#1098=LINE('',#2717,#1350);
#1099=LINE('',#2719,#1351);
#1100=LINE('',#2720,#1352);
#1101=LINE('',#2723,#1353);
#1102=LINE('',#2725,#1354);
#1103=LINE('',#2727,#1355);
#1104=LINE('',#2729,#1356);
#1105=LINE('',#2730,#1357);
#1106=LINE('',#2732,#1358);
#1107=LINE('',#2734,#1359);
#1108=LINE('',#2737,#1360);
#1109=LINE('',#2738,#1361);
#1110=LINE('',#2740,#1362);
#1111=LINE('',#2742,#1363);
#1112=LINE('',#2745,#1364);
#1113=LINE('',#2746,#1365);
#1114=LINE('',#2748,#1366);
#1115=LINE('',#2750,#1367);
#1116=LINE('',#2753,#1368);
#1117=LINE('',#2754,#1369);
#1118=LINE('',#2756,#1370);
#1119=LINE('',#2758,#1371);
#1120=LINE('',#2761,#1372);
#1121=LINE('',#2762,#1373);
#1122=LINE('',#2764,#1374);
#1123=LINE('',#2766,#1375);
#1124=LINE('',#2769,#1376);
#1125=LINE('',#2770,#1377);
#1126=LINE('',#2772,#1378);
#1127=LINE('',#2774,#1379);
#1128=LINE('',#2777,#1380);
#1129=LINE('',#2778,#1381);
#1130=LINE('',#2780,#1382);
#1131=LINE('',#2782,#1383);
#1132=LINE('',#2785,#1384);
#1133=LINE('',#2786,#1385);
#1134=LINE('',#2788,#1386);
#1135=LINE('',#2790,#1387);
#1136=LINE('',#2793,#1388);
#1137=LINE('',#2794,#1389);
#1138=LINE('',#2796,#1390);
#1139=LINE('',#2798,#1391);
#1140=LINE('',#2801,#1392);
#1141=LINE('',#2802,#1393);
#1142=LINE('',#2804,#1394);
#1143=LINE('',#2806,#1395);
#1144=LINE('',#2809,#1396);
#1145=LINE('',#2810,#1397);
#1146=LINE('',#2812,#1398);
#1147=LINE('',#2814,#1399);
#1148=LINE('',#2817,#1400);
#1149=LINE('',#2818,#1401);
#1150=LINE('',#2820,#1402);
#1151=LINE('',#2822,#1403);
#1152=LINE('',#2825,#1404);
#1153=LINE('',#2826,#1405);
#1154=LINE('',#2828,#1406);
#1155=LINE('',#2830,#1407);
#1156=LINE('',#2833,#1408);
#1157=LINE('',#2834,#1409);
#1158=LINE('',#2836,#1410);
#1159=LINE('',#2838,#1411);
#1160=LINE('',#2841,#1412);
#1161=LINE('',#2842,#1413);
#1162=LINE('',#2844,#1414);
#1163=LINE('',#2846,#1415);
#1164=LINE('',#2849,#1416);
#1165=LINE('',#2850,#1417);
#1166=LINE('',#2852,#1418);
#1167=LINE('',#2854,#1419);
#1168=LINE('',#2857,#1420);
#1169=LINE('',#2858,#1421);
#1170=LINE('',#2860,#1422);
#1171=LINE('',#2862,#1423);
#1172=LINE('',#2865,#1424);
#1173=LINE('',#2866,#1425);
#1174=LINE('',#2868,#1426);
#1175=LINE('',#2870,#1427);
#1176=LINE('',#2873,#1428);
#1177=LINE('',#2874,#1429);
#1178=LINE('',#2876,#1430);
#1179=LINE('',#2878,#1431);
#1180=LINE('',#2881,#1432);
#1181=LINE('',#2882,#1433);
#1182=LINE('',#2884,#1434);
#1183=LINE('',#2886,#1435);
#1184=LINE('',#2889,#1436);
#1185=LINE('',#2890,#1437);
#1186=LINE('',#2892,#1438);
#1187=LINE('',#2894,#1439);
#1188=VECTOR('',#1967,1.);
#1189=VECTOR('',#1968,1.);
#1190=VECTOR('',#1969,1.);
#1191=VECTOR('',#1970,1.);
#1192=VECTOR('',#1971,1.);
#1193=VECTOR('',#1972,1.);
#1194=VECTOR('',#1973,1.);
#1195=VECTOR('',#1974,1.);
#1196=VECTOR('',#1975,1.);
#1197=VECTOR('',#1976,1.);
#1198=VECTOR('',#1977,1.);
#1199=VECTOR('',#1978,1.);
#1200=VECTOR('',#1979,1.);
#1201=VECTOR('',#1980,1.);
#1202=VECTOR('',#1981,1.);
#1203=VECTOR('',#1982,1.);
#1204=VECTOR('',#1983,1.);
#1205=VECTOR('',#1984,1.);
#1206=VECTOR('',#1985,1.);
#1207=VECTOR('',#1986,1.);
#1208=VECTOR('',#1987,1.);
#1209=VECTOR('',#1988,1.);
#1210=VECTOR('',#1989,1.);
#1211=VECTOR('',#1990,1.);
#1212=VECTOR('',#1991,1.);
#1213=VECTOR('',#1992,1.);
#1214=VECTOR('',#1993,1.);
#1215=VECTOR('',#1994,1.);
#1216=VECTOR('',#1995,1.);
#1217=VECTOR('',#1996,1.);
#1218=VECTOR('',#1997,1.);
#1219=VECTOR('',#1998,1.);
#1220=VECTOR('',#1999,1.);
#1221=VECTOR('',#2000,1.);
#1222=VECTOR('',#2001,1.);
#1223=VECTOR('',#2002,1.);
#1224=VECTOR('',#2003,1.);
#1225=VECTOR('',#2004,1.);
#1226=VECTOR('',#2005,1.);
#1227=VECTOR('',#2006,1.);
#1228=VECTOR('',#2007,1.);
#1229=VECTOR('',#2008,1.);
#1230=VECTOR('',#2009,1.);
#1231=VECTOR('',#2010,1.);
#1232=VECTOR('',#2011,1.);
#1233=VECTOR('',#2012,1.);
#1234=VECTOR('',#2013,1.);
#1235=VECTOR('',#2014,1.);
#1236=VECTOR('',#2015,1.);
#1237=VECTOR('',#2016,1.);
#1238=VECTOR('',#2017,1.);
#1239=VECTOR('',#2018,1.);
#1240=VECTOR('',#2019,1.);
#1241=VECTOR('',#2020,1.);
#1242=VECTOR('',#2021,1.);
#1243=VECTOR('',#2022,1.);
#1244=VECTOR('',#2023,1.);
#1245=VECTOR('',#2024,1.);
#1246=VECTOR('',#2025,1.);
#1247=VECTOR('',#2026,1.);
#1248=VECTOR('',#2027,1.);
#1249=VECTOR('',#2028,1.);
#1250=VECTOR('',#2029,1.);
#1251=VECTOR('',#2030,1.);
#1252=VECTOR('',#2031,1.);
#1253=VECTOR('',#2032,1.);
#1254=VECTOR('',#2033,1.);
#1255=VECTOR('',#2034,1.);
#1256=VECTOR('',#2035,1.);
#1257=VECTOR('',#2036,1.);
#1258=VECTOR('',#2037,1.);
#1259=VECTOR('',#2038,1.);
#1260=VECTOR('',#2039,1.);
#1261=VECTOR('',#2040,1.);
#1262=VECTOR('',#2041,1.);
#1263=VECTOR('',#2042,1.);
#1264=VECTOR('',#2043,1.);
#1265=VECTOR('',#2044,1.);
#1266=VECTOR('',#2045,1.);
#1267=VECTOR('',#2046,1.);
#1268=VECTOR('',#2047,1.);
#1269=VECTOR('',#2048,1.);
#1270=VECTOR('',#2049,1.);
#1271=VECTOR('',#2050,1.);
#1272=VECTOR('',#2053,1.);
#1273=VECTOR('',#2054,1.);
#1274=VECTOR('',#2055,1.);
#1275=VECTOR('',#2056,1.);
#1276=VECTOR('',#2057,1.);
#1277=VECTOR('',#2058,1.);
#1278=VECTOR('',#2059,1.);
#1279=VECTOR('',#2060,1.);
#1280=VECTOR('',#2061,1.);
#1281=VECTOR('',#2062,1.);
#1282=VECTOR('',#2063,1.);
#1283=VECTOR('',#2064,1.);
#1284=VECTOR('',#2065,1.);
#1285=VECTOR('',#2066,1.);
#1286=VECTOR('',#2067,1.);
#1287=VECTOR('',#2068,1.);
#1288=VECTOR('',#2069,1.);
#1289=VECTOR('',#2070,1.);
#1290=VECTOR('',#2071,1.);
#1291=VECTOR('',#2072,1.);
#1292=VECTOR('',#2073,1.);
#1293=VECTOR('',#2074,1.);
#1294=VECTOR('',#2075,1.);
#1295=VECTOR('',#2076,1.);
#1296=VECTOR('',#2077,1.);
#1297=VECTOR('',#2078,1.);
#1298=VECTOR('',#2079,1.);
#1299=VECTOR('',#2080,1.);
#1300=VECTOR('',#2081,1.);
#1301=VECTOR('',#2082,1.);
#1302=VECTOR('',#2083,1.);
#1303=VECTOR('',#2084,1.);
#1304=VECTOR('',#2085,1.);
#1305=VECTOR('',#2086,1.);
#1306=VECTOR('',#2087,1.);
#1307=VECTOR('',#2088,1.);
#1308=VECTOR('',#2089,1.);
#1309=VECTOR('',#2090,1.);
#1310=VECTOR('',#2091,1.);
#1311=VECTOR('',#2092,1.);
#1312=VECTOR('',#2093,1.);
#1313=VECTOR('',#2094,1.);
#1314=VECTOR('',#2095,1.);
#1315=VECTOR('',#2096,1.);
#1316=VECTOR('',#2097,1.);
#1317=VECTOR('',#2098,1.);
#1318=VECTOR('',#2099,1.);
#1319=VECTOR('',#2100,1.);
#1320=VECTOR('',#2101,1.);
#1321=VECTOR('',#2102,1.);
#1322=VECTOR('',#2103,1.);
#1323=VECTOR('',#2104,1.);
#1324=VECTOR('',#2105,1.);
#1325=VECTOR('',#2106,1.);
#1326=VECTOR('',#2107,1.);
#1327=VECTOR('',#2108,1.);
#1328=VECTOR('',#2109,1.);
#1329=VECTOR('',#2110,1.);
#1330=VECTOR('',#2111,1.);
#1331=VECTOR('',#2112,1.);
#1332=VECTOR('',#2113,1.);
#1333=VECTOR('',#2114,1.);
#1334=VECTOR('',#2115,1.);
#1335=VECTOR('',#2116,1.);
#1336=VECTOR('',#2117,1.);
#1337=VECTOR('',#2118,1.);
#1338=VECTOR('',#2119,1.);
#1339=VECTOR('',#2120,1.);
#1340=VECTOR('',#2121,1.);
#1341=VECTOR('',#2122,1.);
#1342=VECTOR('',#2123,1.);
#1343=VECTOR('',#2124,1.);
#1344=VECTOR('',#2125,1.);
#1345=VECTOR('',#2126,1.);
#1346=VECTOR('',#2127,1.);
#1347=VECTOR('',#2128,1.);
#1348=VECTOR('',#2129,1.);
#1349=VECTOR('',#2130,1.);
#1350=VECTOR('',#2131,1.);
#1351=VECTOR('',#2132,1.);
#1352=VECTOR('',#2133,1.);
#1353=VECTOR('',#2134,1.);
#1354=VECTOR('',#2135,1.);
#1355=VECTOR('',#2136,1.);
#1356=VECTOR('',#2139,1.);
#1357=VECTOR('',#2140,1.);
#1358=VECTOR('',#2143,1.);
#1359=VECTOR('',#2146,1.);
#1360=VECTOR('',#2151,1.);
#1361=VECTOR('',#2152,1.);
#1362=VECTOR('',#2155,1.);
#1363=VECTOR('',#2158,1.);
#1364=VECTOR('',#2163,1.);
#1365=VECTOR('',#2164,1.);
#1366=VECTOR('',#2167,1.);
#1367=VECTOR('',#2170,1.);
#1368=VECTOR('',#2175,1.);
#1369=VECTOR('',#2176,1.);
#1370=VECTOR('',#2179,1.);
#1371=VECTOR('',#2182,1.);
#1372=VECTOR('',#2187,1.);
#1373=VECTOR('',#2188,1.);
#1374=VECTOR('',#2191,1.);
#1375=VECTOR('',#2194,1.);
#1376=VECTOR('',#2199,1.);
#1377=VECTOR('',#2200,1.);
#1378=VECTOR('',#2203,1.);
#1379=VECTOR('',#2206,1.);
#1380=VECTOR('',#2211,1.);
#1381=VECTOR('',#2212,1.);
#1382=VECTOR('',#2215,1.);
#1383=VECTOR('',#2218,1.);
#1384=VECTOR('',#2223,1.);
#1385=VECTOR('',#2224,1.);
#1386=VECTOR('',#2227,1.);
#1387=VECTOR('',#2230,1.);
#1388=VECTOR('',#2235,1.);
#1389=VECTOR('',#2236,1.);
#1390=VECTOR('',#2239,1.);
#1391=VECTOR('',#2242,1.);
#1392=VECTOR('',#2247,1.);
#1393=VECTOR('',#2248,1.);
#1394=VECTOR('',#2251,1.);
#1395=VECTOR('',#2254,1.);
#1396=VECTOR('',#2259,1.);
#1397=VECTOR('',#2260,1.);
#1398=VECTOR('',#2263,1.);
#1399=VECTOR('',#2266,1.);
#1400=VECTOR('',#2271,1.);
#1401=VECTOR('',#2272,1.);
#1402=VECTOR('',#2275,1.);
#1403=VECTOR('',#2278,1.);
#1404=VECTOR('',#2283,1.);
#1405=VECTOR('',#2284,1.);
#1406=VECTOR('',#2287,1.);
#1407=VECTOR('',#2290,1.);
#1408=VECTOR('',#2295,1.);
#1409=VECTOR('',#2296,1.);
#1410=VECTOR('',#2299,1.);
#1411=VECTOR('',#2302,1.);
#1412=VECTOR('',#2307,1.);
#1413=VECTOR('',#2308,1.);
#1414=VECTOR('',#2311,1.);
#1415=VECTOR('',#2314,1.);
#1416=VECTOR('',#2319,1.);
#1417=VECTOR('',#2320,1.);
#1418=VECTOR('',#2323,1.);
#1419=VECTOR('',#2326,1.);
#1420=VECTOR('',#2331,1.);
#1421=VECTOR('',#2332,1.);
#1422=VECTOR('',#2335,1.);
#1423=VECTOR('',#2338,1.);
#1424=VECTOR('',#2343,1.);
#1425=VECTOR('',#2344,1.);
#1426=VECTOR('',#2347,1.);
#1427=VECTOR('',#2350,1.);
#1428=VECTOR('',#2355,1.);
#1429=VECTOR('',#2356,1.);
#1430=VECTOR('',#2359,1.);
#1431=VECTOR('',#2362,1.);
#1432=VECTOR('',#2367,1.);
#1433=VECTOR('',#2368,1.);
#1434=VECTOR('',#2371,1.);
#1435=VECTOR('',#2374,1.);
#1436=VECTOR('',#2379,1.);
#1437=VECTOR('',#2380,1.);
#1438=VECTOR('',#2383,1.);
#1439=VECTOR('',#2386,1.);
#1440=EDGE_LOOP('',(#12,#13,#14,#15));
#1441=EDGE_LOOP('',(#16,#17,#18,#19));
#1442=EDGE_LOOP('',(#20,#21,#22,#23));
#1443=EDGE_LOOP('',(#24,#25,#26,#27));
#1444=EDGE_LOOP('',(#28,#29,#30,#31));
#1445=EDGE_LOOP('',(#32,#33,#34,#35));
#1446=EDGE_LOOP('',(#36,#37,#38,#39));
#1447=EDGE_LOOP('',(#40,#41,#42,#43));
#1448=EDGE_LOOP('',(#44,#45,#46,#47));
#1449=EDGE_LOOP('',(#48,#49,#50,#51));
#1450=EDGE_LOOP('',(#52,#53,#54,#55));
#1451=EDGE_LOOP('',(#56,#57,#58,#59));
#1452=EDGE_LOOP('',(#60,#61,#62,#63));
#1453=EDGE_LOOP('',(#64,#65,#66,#67));
#1454=EDGE_LOOP('',(#68,#69,#70,#71));
#1455=EDGE_LOOP('',(#72,#73,#74,#75));
#1456=EDGE_LOOP('',(#76,#77,#78,#79));
#1457=EDGE_LOOP('',(#80,#81,#82,#83));
#1458=EDGE_LOOP('',(#84,#85,#86,#87));
#1459=EDGE_LOOP('',(#88,#89,#90,#91));
#1460=EDGE_LOOP('',(#92,#93,#94,#95));
#1461=EDGE_LOOP('',(#96,#97,#98,#99));
#1462=EDGE_LOOP('',(#100,#101,#102,#103));
#1463=EDGE_LOOP('',(#104,#105,#106,#107));
#1464=EDGE_LOOP('',(#108,#109,#110,#111));
#1465=EDGE_LOOP('',(#112,#113,#114,#115));
#1466=EDGE_LOOP('',(#116,#117,#118,#119));
#1467=EDGE_LOOP('',(#120,#121,#122,#123));
#1468=EDGE_LOOP('',(#124,#125,#126,#127));
#1469=EDGE_LOOP('',(#128,#129,#130,#131));
#1470=EDGE_LOOP('',(#132,#133,#134,#135));
#1471=EDGE_LOOP('',(#136,#137,#138,#139));
#1472=EDGE_LOOP('',(#140,#141,#142,#143));
#1473=EDGE_LOOP('',(#144,#145,#146,#147));
#1474=EDGE_LOOP('',(#148,#149,#150,#151));
#1475=EDGE_LOOP('',(#152,#153,#154,#155));
#1476=EDGE_LOOP('',(#156,#157,#158,#159));
#1477=EDGE_LOOP('',(#160,#161,#162,#163));
#1478=EDGE_LOOP('',(#164,#165,#166,#167));
#1479=EDGE_LOOP('',(#168,#169,#170,#171));
#1480=EDGE_LOOP('',(#172,#173,#174,#175));
#1481=EDGE_LOOP('',(#176,#177,#178,#179));
#1482=EDGE_LOOP('',(#180,#181,#182,#183));
#1483=EDGE_LOOP('',(#184,#185,#186,#187));
#1484=EDGE_LOOP('',(#188,#189,#190,#191));
#1485=EDGE_LOOP('',(#192,#193,#194,#195));
#1486=EDGE_LOOP('',(#196,#197,#198,#199));
#1487=EDGE_LOOP('',(#200,#201,#202,#203));
#1488=EDGE_LOOP('',(#204,#205,#206,#207));
#1489=EDGE_LOOP('',(#208,#209,#210,#211));
#1490=EDGE_LOOP('',(#212,#213,#214,#215));
#1491=EDGE_LOOP('',(#216,#217,#218,#219));
#1492=EDGE_LOOP('',(#220,#221,#222,#223));
#1493=EDGE_LOOP('',(#224,#225,#226,#227));
#1494=EDGE_LOOP('',(#228,#229,#230,#231));
#1495=EDGE_LOOP('',(#232,#233,#234,#235));
#1496=EDGE_LOOP('',(#236,#237,#238,#239));
#1497=EDGE_LOOP('',(#240,#241,#242,#243));
#1498=EDGE_LOOP('',(#244,#245,#246,#247));
#1499=EDGE_LOOP('',(#248,#249,#250,#251));
#1500=EDGE_LOOP('',(#252,#253,#254,#255));
#1501=EDGE_LOOP('',(#256,#257,#258,#259));
#1502=EDGE_LOOP('',(#260,#261,#262,#263));
#1503=EDGE_LOOP('',(#264,#265,#266,#267));
#1504=EDGE_LOOP('',(#268,#269,#270,#271));
#1505=EDGE_LOOP('',(#272,#273,#274,#275));
#1506=EDGE_LOOP('',(#276,#277,#278,#279));
#1507=EDGE_LOOP('',(#280,#281,#282,#283));
#1508=EDGE_LOOP('',(#284,#285,#286,#287));
#1509=EDGE_LOOP('',(#288,#289,#290,#291));
#1510=EDGE_LOOP('',(#292,#293,#294,#295));
#1511=EDGE_LOOP('',(#296,#297,#298,#299));
#1512=EDGE_LOOP('',(#300,#301,#302,#303));
#1513=EDGE_LOOP('',(#304,#305,#306,#307));
#1514=EDGE_LOOP('',(#308,#309,#310,#311));
#1515=EDGE_LOOP('',(#312,#313,#314,#315));
#1516=EDGE_LOOP('',(#316,#317,#318,#319));
#1517=EDGE_LOOP('',(#320,#321,#322,#323));
#1518=EDGE_LOOP('',(#324,#325,#326,#327));
#1519=EDGE_LOOP('',(#328,#329,#330,#331));
#1520=EDGE_LOOP('',(#332,#333,#334,#335));
#1521=EDGE_LOOP('',(#336,#337,#338,#339));
#1522=EDGE_LOOP('',(#340,#341,#342,#343));
#1523=EDGE_LOOP('',(#344,#345,#346,#347));
#1524=EDGE_LOOP('',(#348,#349,#350,#351));
#1525=EDGE_LOOP('',(#352,#353,#354,#355));
#1526=EDGE_LOOP('',(#356,#357,#358,#359));
#1527=EDGE_LOOP('',(#360,#361,#362,#363));
#1528=EDGE_LOOP('',(#364,#365,#366,#367));
#1529=EDGE_LOOP('',(#368,#369,#370,#371));
#1530=EDGE_LOOP('',(#372,#373,#374,#375));
#1531=EDGE_LOOP('',(#376,#377,#378,#379));
#1532=EDGE_LOOP('',(#380,#381,#382,#383));
#1533=EDGE_LOOP('',(#384,#385,#386,#387));
#1534=EDGE_LOOP('',(#388,#389,#390,#391));
#1535=EDGE_LOOP('',(#392,#393,#394,#395));
#1536=EDGE_LOOP('',(#396,#397,#398,#399));
#1537=EDGE_LOOP('',(#400,#401,#402,#403));
#1538=EDGE_LOOP('',(#404,#405,#406,#407));
#1539=EDGE_LOOP('',(#408,#409,#410,#411));
#1540=EDGE_LOOP('',(#412,#413,#414,#415));
#1541=EDGE_LOOP('',(#416,#417,#418,#419));
#1542=EDGE_LOOP('',(#420,#421,#422,#423));
#1543=EDGE_LOOP('',(#424,#425,#426,#427));
#1544=EDGE_LOOP('',(#428,#429,#430,#431));
#1545=EDGE_LOOP('',(#432,#433,#434,#435));
#1546=EDGE_LOOP('',(#436,#437,#438,#439));
#1547=EDGE_LOOP('',(#440,#441,#442,#443));
#1548=EDGE_LOOP('',(#444,#445,#446,#447));
#1549=EDGE_LOOP('',(#448,#449,#450,#451));
#1550=EDGE_LOOP('',(#452,#453,#454,#455));
#1551=EDGE_LOOP('',(#456,#457,#458,#459));
#1552=EDGE_LOOP('',(#460,#461,#462,#463));
#1553=EDGE_LOOP('',(#464,#465,#466,#467));
#1554=EDGE_LOOP('',(#468,#469,#470,#471));
#1555=EDGE_LOOP('',(#472,#473,#474,#475));
#1556=EDGE_LOOP('',(#476,#477,#478,#479));
#1557=EDGE_LOOP('',(#480,#481,#482,#483));
#1558=EDGE_LOOP('',(#484,#485,#486,#487));
#1559=EDGE_LOOP('',(#488,#489,#490,#491));
#1560=EDGE_LOOP('',(#492,#493,#494,#495));
#1561=EDGE_LOOP('',(#496,#497,#498,#499));
#1562=EDGE_LOOP('',(#500,#501,#502,#503));
#1563=EDGE_LOOP('',(#504,#505,#506,#507));
#1564=EDGE_LOOP('',(#508,#509,#510,#511));
#1565=EDGE_LOOP('',(#512,#513,#514,#515));
#1566=FACE_BOUND('',#1440,.T.);
#1567=FACE_BOUND('',#1441,.T.);
#1568=FACE_BOUND('',#1442,.T.);
#1569=FACE_BOUND('',#1443,.T.);
#1570=FACE_BOUND('',#1444,.T.);
#1571=FACE_BOUND('',#1445,.T.);
#1572=FACE_BOUND('',#1446,.T.);
#1573=FACE_BOUND('',#1447,.T.);
#1574=FACE_BOUND('',#1448,.T.);
#1575=FACE_BOUND('',#1449,.T.);
#1576=FACE_BOUND('',#1450,.T.);
#1577=FACE_BOUND('',#1451,.T.);
#1578=FACE_BOUND('',#1452,.T.);
#1579=FACE_BOUND('',#1453,.T.);
#1580=FACE_BOUND('',#1454,.T.);
#1581=FACE_BOUND('',#1455,.T.);
#1582=FACE_BOUND('',#1456,.T.);
#1583=FACE_BOUND('',#1457,.T.);
#1584=FACE_BOUND('',#1458,.T.);
#1585=FACE_BOUND('',#1459,.T.);
#1586=FACE_BOUND('',#1460,.T.);
#1587=FACE_BOUND('',#1461,.T.);
#1588=FACE_BOUND('',#1462,.T.);
#1589=FACE_BOUND('',#1463,.T.);
#1590=FACE_BOUND('',#1464,.T.);
#1591=FACE_BOUND('',#1465,.T.);
#1592=FACE_BOUND('',#1466,.T.);
#1593=FACE_BOUND('',#1467,.T.);
#1594=FACE_BOUND('',#1468,.T.);
#1595=FACE_BOUND('',#1469,.T.);
#1596=FACE_BOUND('',#1470,.T.);
#1597=FACE_BOUND('',#1471,.T.);
#1598=FACE_BOUND('',#1472,.T.);
#1599=FACE_BOUND('',#1473,.T.);
#1600=FACE_BOUND('',#1474,.T.);
#1601=FACE_BOUND('',#1475,.T.);
#1602=FACE_BOUND('',#1476,.T.);
#1603=FACE_BOUND('',#1477,.T.);
#1604=FACE_BOUND('',#1478,.T.);
#1605=FACE_BOUND('',#1479,.T.);
#1606=FACE_BOUND('',#1480,.T.);
#1607=FACE_BOUND('',#1481,.T.);
#1608=FACE_BOUND('',#1482,.T.);
#1609=FACE_BOUND('',#1483,.T.);
#1610=FACE_BOUND('',#1484,.T.);
#1611=FACE_BOUND('',#1485,.T.);
#1612=FACE_BOUND('',#1486,.T.);
#1613=FACE_BOUND('',#1487,.T.);
#1614=FACE_BOUND('',#1488,.T.);
#1615=FACE_BOUND('',#1489,.T.);
#1616=FACE_BOUND('',#1490,.T.);
#1617=FACE_BOUND('',#1491,.T.);
#1618=FACE_BOUND('',#1492,.T.);
#1619=FACE_BOUND('',#1493,.T.);
#1620=FACE_BOUND('',#1494,.T.);
#1621=FACE_BOUND('',#1495,.T.);
#1622=FACE_BOUND('',#1496,.T.);
#1623=FACE_BOUND('',#1497,.T.);
#1624=FACE_BOUND('',#1498,.T.);
#1625=FACE_BOUND('',#1499,.T.);
#1626=FACE_BOUND('',#1500,.T.);
#1627=FACE_BOUND('',#1501,.T.);
#1628=FACE_BOUND('',#1502,.T.);
#1629=FACE_BOUND('',#1503,.T.);
#1630=FACE_BOUND('',#1504,.T.);
#1631=FACE_BOUND('',#1505,.T.);
#1632=FACE_BOUND('',#1506,.T.);
#1633=FACE_BOUND('',#1507,.T.);
#1634=FACE_BOUND('',#1508,.T.);
#1635=FACE_BOUND('',#1509,.T.);
#1636=FACE_BOUND('',#1510,.T.);
#1637=FACE_BOUND('',#1511,.T.);
#1638=FACE_BOUND('',#1512,.T.);
#1639=FACE_BOUND('',#1513,.T.);
#1640=FACE_BOUND('',#1514,.T.);
#1641=FACE_BOUND('',#1515,.T.);
#1642=FACE_BOUND('',#1516,.T.);
#1643=FACE_BOUND('',#1517,.T.);
#1644=FACE_BOUND('',#1518,.T.);
#1645=FACE_BOUND('',#1519,.T.);
#1646=FACE_BOUND('',#1520,.T.);
#1647=FACE_BOUND('',#1521,.T.);
#1648=FACE_BOUND('',#1522,.T.);
#1649=FACE_BOUND('',#1523,.T.);
#1650=FACE_BOUND('',#1524,.T.);
#1651=FACE_BOUND('',#1525,.T.);
#1652=FACE_BOUND('',#1526,.T.);
#1653=FACE_BOUND('',#1527,.T.);
#1654=FACE_BOUND('',#1528,.T.);
#1655=FACE_BOUND('',#1529,.T.);
#1656=FACE_BOUND('',#1530,.T.);
#1657=FACE_BOUND('',#1531,.T.);
#1658=FACE_BOUND('',#1532,.T.);
#1659=FACE_BOUND('',#1533,.T.);
#1660=FACE_BOUND('',#1534,.T.);
#1661=FACE_BOUND('',#1535,.T.);
#1662=FACE_BOUND('',#1536,.T.);
#1663=FACE_BOUND('',#1537,.T.);
#1664=FACE_BOUND('',#1538,.T.);
#1665=FACE_BOUND('',#1539,.T.);
#1666=FACE_BOUND('',#1540,.T.);
#1667=FACE_BOUND('',#1541,.T.);
#1668=FACE_BOUND('',#1542,.T.);
#1669=FACE_BOUND('',#1543,.T.);
#1670=FACE_BOUND('',#1544,.T.);
#1671=FACE_BOUND('',#1545,.T.);
#1672=FACE_BOUND('',#1546,.T.);
#1673=FACE_BOUND('',#1547,.T.);
#1674=FACE_BOUND('',#1548,.T.);
#1675=FACE_BOUND('',#1549,.T.);
#1676=FACE_BOUND('',#1550,.T.);
#1677=FACE_BOUND('',#1551,.T.);
#1678=FACE_BOUND('',#1552,.T.);
#1679=FACE_BOUND('',#1553,.T.);
#1680=FACE_BOUND('',#1554,.T.);
#1681=FACE_BOUND('',#1555,.T.);
#1682=FACE_BOUND('',#1556,.T.);
#1683=FACE_BOUND('',#1557,.T.);
#1684=FACE_BOUND('',#1558,.T.);
#1685=FACE_BOUND('',#1559,.T.);
#1686=FACE_BOUND('',#1560,.T.);
#1687=FACE_BOUND('',#1561,.T.);
#1688=FACE_BOUND('',#1562,.T.);
#1689=FACE_BOUND('',#1563,.T.);
#1690=FACE_BOUND('',#1564,.T.);
#1691=FACE_BOUND('',#1565,.T.);
#1692=PLANE('',#1877);
#1693=PLANE('',#1878);
#1694=PLANE('',#1879);
#1695=PLANE('',#1880);
#1696=PLANE('',#1881);
#1697=PLANE('',#1882);
#1698=PLANE('',#1883);
#1699=PLANE('',#1884);
#1700=PLANE('',#1885);
#1701=PLANE('',#1886);
#1702=PLANE('',#1887);
#1703=PLANE('',#1888);
#1704=PLANE('',#1889);
#1705=PLANE('',#1890);
#1706=PLANE('',#1891);
#1707=PLANE('',#1892);
#1708=PLANE('',#1893);
#1709=PLANE('',#1894);
#1710=PLANE('',#1895);
#1711=PLANE('',#1896);
#1712=PLANE('',#1897);
#1713=PLANE('',#1898);
#1714=PLANE('',#1899);
#1715=PLANE('',#1900);
#1716=PLANE('',#1901);
#1717=PLANE('',#1902);
#1718=PLANE('',#1903);
#1719=PLANE('',#1904);
#1720=PLANE('',#1905);
#1721=PLANE('',#1906);
#1722=PLANE('',#1907);
#1723=PLANE('',#1908);
#1724=PLANE('',#1909);
#1725=PLANE('',#1910);
#1726=PLANE('',#1911);
#1727=PLANE('',#1912);
#1728=PLANE('',#1913);
#1729=PLANE('',#1914);
#1730=PLANE('',#1915);
#1731=PLANE('',#1916);
#1732=PLANE('',#1917);
#1733=PLANE('',#1918);
#1734=PLANE('',#1919);
#1735=PLANE('',#1920);
#1736=PLANE('',#1921);
#1737=PLANE('',#1922);
#1738=PLANE('',#1923);
#1739=PLANE('',#1924);
#1740=PLANE('',#1925);
#1741=PLANE('',#1926);
#1742=PLANE('',#1927);
#1743=PLANE('',#1928);
#1744=PLANE('',#1929);
#1745=PLANE('',#1930);
#1746=PLANE('',#1931);
#1747=PLANE('',#1932);
#1748=PLANE('',#1933);
#1749=PLANE('',#1934);
#1750=PLANE('',#1935);
#1751=PLANE('',#1936);
#1752=PLANE('',#1937);
#1753=PLANE('',#1938);
#1754=PLANE('',#1939);
#1755=PLANE('',#1940);
#1756=PLANE('',#1941);
#1757=PLANE('',#1942);
#1758=PLANE('',#1943);
#1759=PLANE('',#1944);
#1760=PLANE('',#1945);
#1761=PLANE('',#1946);
#1762=PLANE('',#1947);
#1763=PLANE('',#1948);
#1764=PLANE('',#1949);
#1765=PLANE('',#1950);
#1766=PLANE('',#1951);
#1767=PLANE('',#1952);
#1768=PLANE('',#1953);
#1769=PLANE('',#1954);
#1770=PLANE('',#1955);
#1771=PLANE('',#1956);
#1772=PLANE('',#1957);
#1773=PLANE('',#1958);
#1774=PLANE('',#1959);
#1775=PLANE('',#1960);
#1776=PLANE('',#1961);
#1777=PLANE('',#1962);
#1778=ADVANCED_FACE('',(#1566,#1567,#1568,#1569,#1570,#1571,#1572,#1573,
#1574,#1575,#1576,#1577,#1578,#1579,#1580,#1581,#1582,#1583,#1584,#1585,
#1586),#1692,.T.);
#1779=ADVANCED_FACE('',(#1587,#1588,#1589,#1590,#1591,#1592,#1593,#1594,
#1595,#1596,#1597,#1598,#1599,#1600,#1601,#1602,#1603,#1604,#1605,#1606,
#1607),#1693,.F.);
#1780=ADVANCED_FACE('',(#1608),#1694,.T.);
#1781=ADVANCED_FACE('',(#1609),#1695,.F.);
#1782=ADVANCED_FACE('',(#1610),#1696,.F.);
#1783=ADVANCED_FACE('',(#1611),#1697,.T.);
#1784=ADVANCED_FACE('',(#1612),#1698,.T.);
#1785=ADVANCED_FACE('',(#1613),#1699,.F.);
#1786=ADVANCED_FACE('',(#1614),#1700,.F.);
#1787=ADVANCED_FACE('',(#1615),#1701,.T.);
#1788=ADVANCED_FACE('',(#1616),#1702,.T.);
#1789=ADVANCED_FACE('',(#1617),#1703,.F.);
#1790=ADVANCED_FACE('',(#1618),#1704,.F.);
#1791=ADVANCED_FACE('',(#1619),#1705,.T.);
#1792=ADVANCED_FACE('',(#1620),#1706,.T.);
#1793=ADVANCED_FACE('',(#1621),#1707,.F.);
#1794=ADVANCED_FACE('',(#1622),#1708,.F.);
#1795=ADVANCED_FACE('',(#1623),#1709,.T.);
#1796=ADVANCED_FACE('',(#1624),#1710,.T.);
#1797=ADVANCED_FACE('',(#1625),#1711,.F.);
#1798=ADVANCED_FACE('',(#1626),#1712,.F.);
#1799=ADVANCED_FACE('',(#1627),#1713,.T.);
#1800=ADVANCED_FACE('',(#1628),#1714,.T.);
#1801=ADVANCED_FACE('',(#1629),#1715,.F.);
#1802=ADVANCED_FACE('',(#1630),#1716,.F.);
#1803=ADVANCED_FACE('',(#1631),#1717,.T.);
#1804=ADVANCED_FACE('',(#1632),#1718,.T.);
#1805=ADVANCED_FACE('',(#1633),#1719,.F.);
#1806=ADVANCED_FACE('',(#1634),#1720,.F.);
#1807=ADVANCED_FACE('',(#1635),#1721,.T.);
#1808=ADVANCED_FACE('',(#1636),#1722,.T.);
#1809=ADVANCED_FACE('',(#1637),#1723,.F.);
#1810=ADVANCED_FACE('',(#1638),#1724,.F.);
#1811=ADVANCED_FACE('',(#1639),#1725,.T.);
#1812=ADVANCED_FACE('',(#1640),#1726,.T.);
#1813=ADVANCED_FACE('',(#1641),#1727,.F.);
#1814=ADVANCED_FACE('',(#1642),#1728,.F.);
#1815=ADVANCED_FACE('',(#1643),#1729,.T.);
#1816=ADVANCED_FACE('',(#1644),#1730,.T.);
#1817=ADVANCED_FACE('',(#1645),#1731,.F.);
#1818=ADVANCED_FACE('',(#1646),#1732,.F.);
#1819=ADVANCED_FACE('',(#1647),#1733,.T.);
#1820=ADVANCED_FACE('',(#1648),#1734,.T.);
#1821=ADVANCED_FACE('',(#1649),#1735,.F.);
#1822=ADVANCED_FACE('',(#1650),#1736,.F.);
#1823=ADVANCED_FACE('',(#1651),#1737,.T.);
#1824=ADVANCED_FACE('',(#1652),#1738,.T.);
#1825=ADVANCED_FACE('',(#1653),#1739,.F.);
#1826=ADVANCED_FACE('',(#1654),#1740,.F.);
#1827=ADVANCED_FACE('',(#1655),#1741,.T.);
#1828=ADVANCED_FACE('',(#1656),#1742,.T.);
#1829=ADVANCED_FACE('',(#1657),#1743,.F.);
#1830=ADVANCED_FACE('',(#1658),#1744,.F.);
#1831=ADVANCED_FACE('',(#1659),#1745,.T.);
#1832=ADVANCED_FACE('',(#1660),#1746,.T.);
#1833=ADVANCED_FACE('',(#1661),#1747,.F.);
#1834=ADVANCED_FACE('',(#1662),#1748,.F.);
#1835=ADVANCED_FACE('',(#1663),#1749,.T.);
#1836=ADVANCED_FACE('',(#1664),#1750,.T.);
#1837=ADVANCED_FACE('',(#1665),#1751,.F.);
#1838=ADVANCED_FACE('',(#1666),#1752,.F.);
#1839=ADVANCED_FACE('',(#1667),#1753,.T.);
#1840=ADVANCED_FACE('',(#1668),#1754,.T.);
#1841=ADVANCED_FACE('',(#1669),#1755,.F.);
#1842=ADVANCED_FACE('',(#1670),#1756,.F.);
#1843=ADVANCED_FACE('',(#1671),#1757,.T.);
#1844=ADVANCED_FACE('',(#1672),#1758,.T.);
#1845=ADVANCED_FACE('',(#1673),#1759,.F.);
#1846=ADVANCED_FACE('',(#1674),#1760,.F.);
#1847=ADVANCED_FACE('',(#1675),#1761,.T.);
#1848=ADVANCED_FACE('',(#1676),#1762,.T.);
#1849=ADVANCED_FACE('',(#1677),#1763,.F.);
#1850=ADVANCED_FACE('',(#1678),#1764,.F.);
#1851=ADVANCED_FACE('',(#1679),#1765,.T.);
#1852=ADVANCED_FACE('',(#1680),#1766,.T.);
#1853=ADVANCED_FACE('',(#1681),#1767,.F.);
#1854=ADVANCED_FACE('',(#1682),#1768,.F.);
#1855=ADVANCED_FACE('',(#1683),#1769,.T.);
#1856=ADVANCED_FACE('',(#1684),#1770,.T.);
#1857=ADVANCED_FACE('',(#1685),#1771,.F.);
#1858=ADVANCED_FACE('',(#1686),#1772,.F.);
#1859=ADVANCED_FACE('',(#1687),#1773,.T.);
#1860=ADVANCED_FACE('',(#1688),#1774,.T.);
#1861=ADVANCED_FACE('',(#1689),#1775,.F.);
#1862=ADVANCED_FACE('',(#1690),#1776,.F.);
#1863=ADVANCED_FACE('',(#1691),#1777,.T.);
#1864=CLOSED_SHELL('',(#1778,#1779,#1780,#1781,#1782,#1783,#1784,#1785,
#1786,#1787,#1788,#1789,#1790,#1791,#1792,#1793,#1794,#1795,#1796,#1797,
#1798,#1799,#1800,#1801,#1802,#1803,#1804,#1805,#1806,#1807,#1808,#1809,
#1810,#1811,#1812,#1813,#1814,#1815,#1816,#1817,#1818,#1819,#1820,#1821,
#1822,#1823,#1824,#1825,#1826,#1827,#1828,#1829,#1830,#1831,#1832,#1833,
#1834,#1835,#1836,#1837,#1838,#1839,#1840,#1841,#1842,#1843,#1844,#1845,
#1846,#1847,#1848,#1849,#1850,#1851,#1852,#1853,#1854,#1855,#1856,#1857,
#1858,#1859,#1860,#1861,#1862,#1863));
#1865=STYLED_ITEM('',(#1866),#1873);
#1866=PRESENTATION_STYLE_ASSIGNMENT((#1867));
#1867=SURFACE_STYLE_USAGE(.BOTH.,#1868);
#1868=SURFACE_SIDE_STYLE('',(#1869));
#1869=SURFACE_STYLE_FILL_AREA(#1870);
#1870=FILL_AREA_STYLE('',(#1871));
#1871=FILL_AREA_STYLE_COLOUR('',#1872);
#1872=COLOUR_RGB('',1.,0.972549019607843,0.972549019607843);
#1873=MANIFOLD_SOLID_BREP('Part 1',#1864);
#1874=SHAPE_DEFINITION_REPRESENTATION(#2902,#1875);
#1875=SHAPE_REPRESENTATION('Part 1',(#1876),#2897);
#1876=AXIS2_PLACEMENT_3D('',#2389,#1963,#1964);
#1877=AXIS2_PLACEMENT_3D('',#2390,#1965,#1966);
#1878=AXIS2_PLACEMENT_3D('',#2559,#2051,#2052);
#1879=AXIS2_PLACEMENT_3D('',#2728,#2137,#2138);
#1880=AXIS2_PLACEMENT_3D('',#2731,#2141,#2142);
#1881=AXIS2_PLACEMENT_3D('',#2733,#2144,#2145);
#1882=AXIS2_PLACEMENT_3D('',#2735,#2147,#2148);
#1883=AXIS2_PLACEMENT_3D('',#2736,#2149,#2150);
#1884=AXIS2_PLACEMENT_3D('',#2739,#2153,#2154);
#1885=AXIS2_PLACEMENT_3D('',#2741,#2156,#2157);
#1886=AXIS2_PLACEMENT_3D('',#2743,#2159,#2160);
#1887=AXIS2_PLACEMENT_3D('',#2744,#2161,#2162);
#1888=AXIS2_PLACEMENT_3D('',#2747,#2165,#2166);
#1889=AXIS2_PLACEMENT_3D('',#2749,#2168,#2169);
#1890=AXIS2_PLACEMENT_3D('',#2751,#2171,#2172);
#1891=AXIS2_PLACEMENT_3D('',#2752,#2173,#2174);
#1892=AXIS2_PLACEMENT_3D('',#2755,#2177,#2178);
#1893=AXIS2_PLACEMENT_3D('',#2757,#2180,#2181);
#1894=AXIS2_PLACEMENT_3D('',#2759,#2183,#2184);
#1895=AXIS2_PLACEMENT_3D('',#2760,#2185,#2186);
#1896=AXIS2_PLACEMENT_3D('',#2763,#2189,#2190);
#1897=AXIS2_PLACEMENT_3D('',#2765,#2192,#2193);
#1898=AXIS2_PLACEMENT_3D('',#2767,#2195,#2196);
#1899=AXIS2_PLACEMENT_3D('',#2768,#2197,#2198);
#1900=AXIS2_PLACEMENT_3D('',#2771,#2201,#2202);
#1901=AXIS2_PLACEMENT_3D('',#2773,#2204,#2205);
#1902=AXIS2_PLACEMENT_3D('',#2775,#2207,#2208);
#1903=AXIS2_PLACEMENT_3D('',#2776,#2209,#2210);
#1904=AXIS2_PLACEMENT_3D('',#2779,#2213,#2214);
#1905=AXIS2_PLACEMENT_3D('',#2781,#2216,#2217);
#1906=AXIS2_PLACEMENT_3D('',#2783,#2219,#2220);
#1907=AXIS2_PLACEMENT_3D('',#2784,#2221,#2222);
#1908=AXIS2_PLACEMENT_3D('',#2787,#2225,#2226);
#1909=AXIS2_PLACEMENT_3D('',#2789,#2228,#2229);
#1910=AXIS2_PLACEMENT_3D('',#2791,#2231,#2232);
#1911=AXIS2_PLACEMENT_3D('',#2792,#2233,#2234);
#1912=AXIS2_PLACEMENT_3D('',#2795,#2237,#2238);
#1913=AXIS2_PLACEMENT_3D('',#2797,#2240,#2241);
#1914=AXIS2_PLACEMENT_3D('',#2799,#2243,#2244);
#1915=AXIS2_PLACEMENT_3D('',#2800,#2245,#2246);
#1916=AXIS2_PLACEMENT_3D('',#2803,#2249,#2250);
#1917=AXIS2_PLACEMENT_3D('',#2805,#2252,#2253);
#1918=AXIS2_PLACEMENT_3D('',#2807,#2255,#2256);
#1919=AXIS2_PLACEMENT_3D('',#2808,#2257,#2258);
#1920=AXIS2_PLACEMENT_3D('',#2811,#2261,#2262);
#1921=AXIS2_PLACEMENT_3D('',#2813,#2264,#2265);
#1922=AXIS2_PLACEMENT_3D('',#2815,#2267,#2268);
#1923=AXIS2_PLACEMENT_3D('',#2816,#2269,#2270);
#1924=AXIS2_PLACEMENT_3D('',#2819,#2273,#2274);
#1925=AXIS2_PLACEMENT_3D('',#2821,#2276,#2277);
#1926=AXIS2_PLACEMENT_3D('',#2823,#2279,#2280);
#1927=AXIS2_PLACEMENT_3D('',#2824,#2281,#2282);
#1928=AXIS2_PLACEMENT_3D('',#2827,#2285,#2286);
#1929=AXIS2_PLACEMENT_3D('',#2829,#2288,#2289);
#1930=AXIS2_PLACEMENT_3D('',#2831,#2291,#2292);
#1931=AXIS2_PLACEMENT_3D('',#2832,#2293,#2294);
#1932=AXIS2_PLACEMENT_3D('',#2835,#2297,#2298);
#1933=AXIS2_PLACEMENT_3D('',#2837,#2300,#2301);
#1934=AXIS2_PLACEMENT_3D('',#2839,#2303,#2304);
#1935=AXIS2_PLACEMENT_3D('',#2840,#2305,#2306);
#1936=AXIS2_PLACEMENT_3D('',#2843,#2309,#2310);
#1937=AXIS2_PLACEMENT_3D('',#2845,#2312,#2313);
#1938=AXIS2_PLACEMENT_3D('',#2847,#2315,#2316);
#1939=AXIS2_PLACEMENT_3D('',#2848,#2317,#2318);
#1940=AXIS2_PLACEMENT_3D('',#2851,#2321,#2322);
#1941=AXIS2_PLACEMENT_3D('',#2853,#2324,#2325);
#1942=AXIS2_PLACEMENT_3D('',#2855,#2327,#2328);
#1943=AXIS2_PLACEMENT_3D('',#2856,#2329,#2330);
#1944=AXIS2_PLACEMENT_3D('',#2859,#2333,#2334);
#1945=AXIS2_PLACEMENT_3D('',#2861,#2336,#2337);
#1946=AXIS2_PLACEMENT_3D('',#2863,#2339,#2340);
#1947=AXIS2_PLACEMENT_3D('',#2864,#2341,#2342);
#1948=AXIS2_PLACEMENT_3D('',#2867,#2345,#2346);
#1949=AXIS2_PLACEMENT_3D('',#2869,#2348,#2349);
#1950=AXIS2_PLACEMENT_3D('',#2871,#2351,#2352);
#1951=AXIS2_PLACEMENT_3D('',#2872,#2353,#2354);
#1952=AXIS2_PLACEMENT_3D('',#2875,#2357,#2358);
#1953=AXIS2_PLACEMENT_3D('',#2877,#2360,#2361);
#1954=AXIS2_PLACEMENT_3D('',#2879,#2363,#2364);
#1955=AXIS2_PLACEMENT_3D('',#2880,#2365,#2366);
#1956=AXIS2_PLACEMENT_3D('',#2883,#2369,#2370);
#1957=AXIS2_PLACEMENT_3D('',#2885,#2372,#2373);
#1958=AXIS2_PLACEMENT_3D('',#2887,#2375,#2376);
#1959=AXIS2_PLACEMENT_3D('',#2888,#2377,#2378);
#1960=AXIS2_PLACEMENT_3D('',#2891,#2381,#2382);
#1961=AXIS2_PLACEMENT_3D('',#2893,#2384,#2385);
#1962=AXIS2_PLACEMENT_3D('',#2895,#2387,#2388);
#1963=DIRECTION('',(0.,0.,1.));
#1964=DIRECTION('',(1.,0.,0.));
#1965=DIRECTION('',(0.,-1.,0.));
#1966=DIRECTION('',(1.,0.,0.));
#1967=DIRECTION('',(1.,0.,0.));
#1968=DIRECTION('',(0.,0.,-1.));
#1969=DIRECTION('',(1.,0.,0.));
#1970=DIRECTION('',(0.,0.,-1.));
#1971=DIRECTION('',(0.,0.,1.));
#1972=DIRECTION('',(1.,0.,0.));
#1973=DIRECTION('',(0.,0.,1.));
#1974=DIRECTION('',(1.,0.,0.));
#1975=DIRECTION('',(0.,0.,1.));
#1976=DIRECTION('',(1.,0.,0.));
#1977=DIRECTION('',(0.,0.,1.));
#1978=DIRECTION('',(1.,0.,0.));
#1979=DIRECTION('',(0.,0.,1.));
#1980=DIRECTION('',(1.,0.,0.));
#1981=DIRECTION('',(0.,0.,1.));
#1982=DIRECTION('',(1.,0.,0.));
#1983=DIRECTION('',(0.,0.,1.));
#1984=DIRECTION('',(1.,0.,0.));
#1985=DIRECTION('',(0.,0.,1.));
#1986=DIRECTION('',(1.,0.,0.));
#1987=DIRECTION('',(0.,0.,1.));
#1988=DIRECTION('',(1.,0.,0.));
#1989=DIRECTION('',(0.,0.,1.));
#1990=DIRECTION('',(1.,0.,0.));
#1991=DIRECTION('',(0.,0.,1.));
#1992=DIRECTION('',(1.,0.,0.));
#1993=DIRECTION('',(0.,0.,1.));
#1994=DIRECTION('',(1.,0.,0.));
#1995=DIRECTION('',(0.,0.,1.));
#1996=DIRECTION('',(1.,0.,0.));
#1997=DIRECTION('',(0.,0.,1.));
#1998=DIRECTION('',(1.,0.,0.));
#1999=DIRECTION('',(0.,0.,1.));
#2000=DIRECTION('',(1.,0.,0.));
#2001=DIRECTION('',(0.,0.,1.));
#2002=DIRECTION('',(1.,0.,0.));
#2003=DIRECTION('',(8.67361737988404E-17,0.,1.));
#2004=DIRECTION('',(1.,0.,0.));
#2005=DIRECTION('',(0.,0.,1.));
#2006=DIRECTION('',(1.,0.,0.));
#2007=DIRECTION('',(6.50521303491303E-17,0.,1.));
#2008=DIRECTION('',(1.,0.,0.));
#2009=DIRECTION('',(4.33680868994202E-17,0.,1.));
#2010=DIRECTION('',(1.,0.,0.));
#2011=DIRECTION('',(8.67361737988404E-17,0.,1.));
#2012=DIRECTION('',(1.,0.,0.));
#2013=DIRECTION('',(4.33680868994202E-17,0.,1.));
#2014=DIRECTION('',(1.,0.,0.));
#2015=DIRECTION('',(0.,0.,1.));
#2016=DIRECTION('',(1.,0.,0.));
#2017=DIRECTION('',(0.,0.,1.));
#2018=DIRECTION('',(1.,0.,0.));
#2019=DIRECTION('',(0.,0.,1.));
#2020=DIRECTION('',(1.,0.,0.));
#2021=DIRECTION('',(0.,0.,1.));
#2022=DIRECTION('',(1.,0.,0.));
#2023=DIRECTION('',(0.,0.,1.));
#2024=DIRECTION('',(1.,0.,0.));
#2025=DIRECTION('',(0.,0.,1.));
#2026=DIRECTION('',(1.,0.,0.));
#2027=DIRECTION('',(0.,0.,1.));
#2028=DIRECTION('',(1.,0.,0.));
#2029=DIRECTION('',(0.,0.,1.));
#2030=DIRECTION('',(1.,0.,0.));
#2031=DIRECTION('',(0.,0.,1.));
#2032=DIRECTION('',(1.,0.,0.));
#2033=DIRECTION('',(0.,0.,1.));
#2034=DIRECTION('',(1.,0.,0.));
#2035=DIRECTION('',(0.,0.,1.));
#2036=DIRECTION('',(1.,0.,0.));
#2037=DIRECTION('',(0.,0.,1.));
#2038=DIRECTION('',(1.,0.,0.));
#2039=DIRECTION('',(0.,0.,1.));
#2040=DIRECTION('',(1.,0.,0.));
#2041=DIRECTION('',(0.,0.,1.));
#2042=DIRECTION('',(1.,0.,0.));
#2043=DIRECTION('',(0.,0.,1.));
#2044=DIRECTION('',(1.,0.,0.));
#2045=DIRECTION('',(0.,0.,1.));
#2046=DIRECTION('',(1.,0.,0.));
#2047=DIRECTION('',(0.,0.,1.));
#2048=DIRECTION('',(1.,0.,0.));
#2049=DIRECTION('',(0.,0.,1.));
#2050=DIRECTION('',(1.,0.,0.));
#2051=DIRECTION('',(0.,-1.,0.));
#2052=DIRECTION('',(1.,0.,0.));
#2053=DIRECTION('',(-1.,0.,0.));
#2054=DIRECTION('',(0.,0.,-1.));
#2055=DIRECTION('',(-1.,0.,0.));
#2056=DIRECTION('',(0.,0.,-1.));
#2057=DIRECTION('',(-1.,0.,0.));
#2058=DIRECTION('',(0.,0.,-1.));
#2059=DIRECTION('',(-1.,0.,0.));
#2060=DIRECTION('',(0.,0.,-1.));
#2061=DIRECTION('',(-1.,0.,0.));
#2062=DIRECTION('',(0.,0.,-1.));
#2063=DIRECTION('',(-1.,0.,0.));
#2064=DIRECTION('',(0.,0.,-1.));
#2065=DIRECTION('',(-1.,0.,0.));
#2066=DIRECTION('',(0.,0.,-1.));
#2067=DIRECTION('',(-1.,0.,0.));
#2068=DIRECTION('',(0.,0.,-1.));
#2069=DIRECTION('',(-1.,0.,0.));
#2070=DIRECTION('',(-8.67361737988404E-17,0.,-1.));
#2071=DIRECTION('',(-1.,0.,0.));
#2072=DIRECTION('',(-4.33680868994202E-17,0.,-1.));
#2073=DIRECTION('',(-1.,0.,0.));
#2074=DIRECTION('',(-8.67361737988404E-17,0.,-1.));
#2075=DIRECTION('',(-1.,0.,0.));
#2076=DIRECTION('',(0.,0.,-1.));
#2077=DIRECTION('',(-1.,0.,0.));
#2078=DIRECTION('',(0.,0.,-1.));
#2079=DIRECTION('',(-1.,0.,0.));
#2080=DIRECTION('',(0.,0.,-1.));
#2081=DIRECTION('',(-1.,0.,0.));
#2082=DIRECTION('',(0.,0.,-1.));
#2083=DIRECTION('',(-1.,0.,0.));
#2084=DIRECTION('',(0.,0.,-1.));
#2085=DIRECTION('',(-1.,0.,0.));
#2086=DIRECTION('',(0.,0.,-1.));
#2087=DIRECTION('',(-1.,0.,0.));
#2088=DIRECTION('',(0.,0.,-1.));
#2089=DIRECTION('',(-1.,0.,0.));
#2090=DIRECTION('',(0.,0.,-1.));
#2091=DIRECTION('',(-1.,0.,0.));
#2092=DIRECTION('',(0.,0.,-1.));
#2093=DIRECTION('',(1.,0.,0.));
#2094=DIRECTION('',(0.,0.,-1.));
#2095=DIRECTION('',(1.,0.,0.));
#2096=DIRECTION('',(0.,0.,-1.));
#2097=DIRECTION('',(-1.,0.,0.));
#2098=DIRECTION('',(0.,0.,-1.));
#2099=DIRECTION('',(-1.,0.,0.));
#2100=DIRECTION('',(0.,0.,-1.));
#2101=DIRECTION('',(-1.,0.,0.));
#2102=DIRECTION('',(0.,0.,-1.));
#2103=DIRECTION('',(-1.,0.,0.));
#2104=DIRECTION('',(0.,0.,-1.));
#2105=DIRECTION('',(-1.,0.,0.));
#2106=DIRECTION('',(0.,0.,-1.));
#2107=DIRECTION('',(-1.,0.,0.));
#2108=DIRECTION('',(0.,0.,-1.));
#2109=DIRECTION('',(-1.,0.,0.));
#2110=DIRECTION('',(0.,0.,-1.));
#2111=DIRECTION('',(-1.,0.,0.));
#2112=DIRECTION('',(0.,0.,-1.));
#2113=DIRECTION('',(-1.,0.,0.));
#2114=DIRECTION('',(-6.50521303491303E-17,0.,-1.));
#2115=DIRECTION('',(-1.,0.,0.));
#2116=DIRECTION('',(-4.33680868994202E-17,0.,-1.));
#2117=DIRECTION('',(-1.,0.,0.));
#2118=DIRECTION('',(0.,0.,-1.));
#2119=DIRECTION('',(-1.,0.,0.));
#2120=DIRECTION('',(0.,0.,-1.));
#2121=DIRECTION('',(-1.,0.,0.));
#2122=DIRECTION('',(0.,0.,-1.));
#2123=DIRECTION('',(-1.,0.,0.));
#2124=DIRECTION('',(0.,0.,-1.));
#2125=DIRECTION('',(-1.,0.,0.));
#2126=DIRECTION('',(0.,0.,-1.));
#2127=DIRECTION('',(-1.,0.,0.));
#2128=DIRECTION('',(0.,0.,-1.));
#2129=DIRECTION('',(-1.,0.,0.));
#2130=DIRECTION('',(0.,0.,-1.));
#2131=DIRECTION('',(-1.,0.,0.));
#2132=DIRECTION('',(0.,0.,-1.));
#2133=DIRECTION('',(-1.,0.,0.));
#2134=DIRECTION('',(0.,0.,-1.));
#2135=DIRECTION('',(-1.,0.,0.));
#2136=DIRECTION('',(0.,0.,-1.));
#2137=DIRECTION('',(0.,0.,1.));
#2138=DIRECTION('',(1.,0.,0.));
#2139=DIRECTION('',(0.,1.,0.));
#2140=DIRECTION('',(0.,1.,0.));
#2141=DIRECTION('',(1.,0.,0.));
#2142=DIRECTION('',(0.,0.,-1.));
#2143=DIRECTION('',(0.,1.,0.));
#2144=DIRECTION('',(0.,0.,1.));
#2145=DIRECTION('',(1.,0.,0.));
#2146=DIRECTION('',(0.,1.,0.));
#2147=DIRECTION('',(1.,0.,0.));
#2148=DIRECTION('',(0.,0.,-1.));
#2149=DIRECTION('',(0.,0.,-1.));
#2150=DIRECTION('',(-1.,0.,0.));
#2151=DIRECTION('',(0.,1.,0.));
#2152=DIRECTION('',(0.,1.,0.));
#2153=DIRECTION('',(1.,0.,0.));
#2154=DIRECTION('',(0.,0.,-1.));
#2155=DIRECTION('',(0.,1.,0.));
#2156=DIRECTION('',(0.,0.,-1.));
#2157=DIRECTION('',(-1.,0.,0.));
#2158=DIRECTION('',(0.,1.,0.));
#2159=DIRECTION('',(1.,0.,0.));
#2160=DIRECTION('',(0.,0.,-1.));
#2161=DIRECTION('',(0.,0.,-1.));
#2162=DIRECTION('',(-1.,0.,0.));
#2163=DIRECTION('',(0.,1.,0.));
#2164=DIRECTION('',(0.,1.,0.));
#2165=DIRECTION('',(1.,0.,0.));
#2166=DIRECTION('',(0.,0.,-1.));
#2167=DIRECTION('',(0.,1.,0.));
#2168=DIRECTION('',(0.,0.,-1.));
#2169=DIRECTION('',(-1.,0.,0.));
#2170=DIRECTION('',(0.,1.,0.));
#2171=DIRECTION('',(1.,0.,0.));
#2172=DIRECTION('',(0.,0.,-1.));
#2173=DIRECTION('',(0.,0.,-1.));
#2174=DIRECTION('',(-1.,0.,0.));
#2175=DIRECTION('',(0.,1.,0.));
#2176=DIRECTION('',(0.,1.,0.));
#2177=DIRECTION('',(1.,0.,0.));
#2178=DIRECTION('',(0.,0.,-1.));
#2179=DIRECTION('',(0.,1.,0.));
#2180=DIRECTION('',(0.,0.,-1.));
#2181=DIRECTION('',(-1.,0.,0.));
#2182=DIRECTION('',(0.,1.,0.));
#2183=DIRECTION('',(1.,0.,0.));
#2184=DIRECTION('',(0.,0.,-1.));
#2185=DIRECTION('',(0.,0.,-1.));
#2186=DIRECTION('',(-1.,0.,0.));
#2187=DIRECTION('',(0.,1.,0.));
#2188=DIRECTION('',(0.,1.,0.));
#2189=DIRECTION('',(1.,0.,0.));
#2190=DIRECTION('',(0.,0.,-1.));
#2191=DIRECTION('',(0.,1.,0.));
#2192=DIRECTION('',(0.,0.,-1.));
#2193=DIRECTION('',(-1.,0.,0.));
#2194=DIRECTION('',(0.,1.,0.));
#2195=DIRECTION('',(1.,0.,0.));
#2196=DIRECTION('',(0.,0.,-1.));
#2197=DIRECTION('',(0.,0.,-1.));
#2198=DIRECTION('',(-1.,0.,0.));
#2199=DIRECTION('',(0.,1.,0.));
#2200=DIRECTION('',(0.,1.,0.));
#2201=DIRECTION('',(1.,0.,0.));
#2202=DIRECTION('',(0.,0.,-1.));
#2203=DIRECTION('',(0.,1.,0.));
#2204=DIRECTION('',(0.,0.,-1.));
#2205=DIRECTION('',(-1.,0.,0.));
#2206=DIRECTION('',(0.,1.,0.));
#2207=DIRECTION('',(1.,0.,0.));
#2208=DIRECTION('',(0.,0.,-1.));
#2209=DIRECTION('',(0.,0.,-1.));
#2210=DIRECTION('',(-1.,0.,0.));
#2211=DIRECTION('',(0.,1.,0.));
#2212=DIRECTION('',(0.,1.,0.));
#2213=DIRECTION('',(1.,0.,0.));
#2214=DIRECTION('',(0.,0.,-1.));
#2215=DIRECTION('',(0.,1.,0.));
#2216=DIRECTION('',(0.,0.,-1.));
#2217=DIRECTION('',(-1.,0.,0.));
#2218=DIRECTION('',(0.,1.,0.));
#2219=DIRECTION('',(1.,0.,0.));
#2220=DIRECTION('',(0.,0.,-1.));
#2221=DIRECTION('',(0.,0.,-1.));
#2222=DIRECTION('',(-1.,0.,0.));
#2223=DIRECTION('',(0.,1.,0.));
#2224=DIRECTION('',(0.,1.,0.));
#2225=DIRECTION('',(1.,0.,0.));
#2226=DIRECTION('',(0.,0.,-1.));
#2227=DIRECTION('',(0.,1.,0.));
#2228=DIRECTION('',(0.,0.,-1.));
#2229=DIRECTION('',(-1.,0.,0.));
#2230=DIRECTION('',(0.,1.,0.));
#2231=DIRECTION('',(1.,0.,0.));
#2232=DIRECTION('',(0.,0.,-1.));
#2233=DIRECTION('',(0.,0.,-1.));
#2234=DIRECTION('',(-1.,0.,0.));
#2235=DIRECTION('',(0.,1.,0.));
#2236=DIRECTION('',(0.,1.,0.));
#2237=DIRECTION('',(1.,0.,0.));
#2238=DIRECTION('',(0.,0.,-1.));
#2239=DIRECTION('',(0.,1.,0.));
#2240=DIRECTION('',(0.,0.,-1.));
#2241=DIRECTION('',(-1.,0.,0.));
#2242=DIRECTION('',(0.,1.,0.));
#2243=DIRECTION('',(1.,0.,0.));
#2244=DIRECTION('',(0.,0.,-1.));
#2245=DIRECTION('',(0.,0.,-1.));
#2246=DIRECTION('',(-1.,0.,0.));
#2247=DIRECTION('',(0.,1.,0.));
#2248=DIRECTION('',(0.,1.,0.));
#2249=DIRECTION('',(1.,0.,0.));
#2250=DIRECTION('',(0.,0.,-1.));
#2251=DIRECTION('',(0.,1.,0.));
#2252=DIRECTION('',(0.,0.,-1.));
#2253=DIRECTION('',(-1.,0.,0.));
#2254=DIRECTION('',(0.,1.,0.));
#2255=DIRECTION('',(1.,0.,-8.67361737988404E-17));
#2256=DIRECTION('',(-8.67361737988404E-17,0.,-1.));
#2257=DIRECTION('',(0.,0.,-1.));
#2258=DIRECTION('',(-1.,0.,0.));
#2259=DIRECTION('',(0.,1.,0.));
#2260=DIRECTION('',(0.,1.,0.));
#2261=DIRECTION('',(1.,0.,-4.33680868994202E-17));
#2262=DIRECTION('',(-4.33680868994202E-17,0.,-1.));
#2263=DIRECTION('',(0.,1.,0.));
#2264=DIRECTION('',(0.,0.,-1.));
#2265=DIRECTION('',(-1.,0.,0.));
#2266=DIRECTION('',(0.,1.,0.));
#2267=DIRECTION('',(1.,0.,-6.50521303491303E-17));
#2268=DIRECTION('',(-6.50521303491303E-17,0.,-1.));
#2269=DIRECTION('',(0.,0.,-1.));
#2270=DIRECTION('',(-1.,0.,0.));
#2271=DIRECTION('',(0.,1.,0.));
#2272=DIRECTION('',(0.,1.,0.));
#2273=DIRECTION('',(1.,0.,-4.33680868994202E-17));
#2274=DIRECTION('',(-4.33680868994202E-17,0.,-1.));
#2275=DIRECTION('',(0.,1.,0.));
#2276=DIRECTION('',(0.,0.,-1.));
#2277=DIRECTION('',(-1.,0.,0.));
#2278=DIRECTION('',(0.,1.,0.));
#2279=DIRECTION('',(1.,0.,-8.67361737988404E-17));
#2280=DIRECTION('',(-8.67361737988404E-17,0.,-1.));
#2281=DIRECTION('',(0.,0.,-1.));
#2282=DIRECTION('',(-1.,0.,0.));
#2283=DIRECTION('',(0.,1.,0.));
#2284=DIRECTION('',(0.,1.,0.));
#2285=DIRECTION('',(1.,0.,0.));
#2286=DIRECTION('',(0.,0.,-1.));
#2287=DIRECTION('',(0.,1.,0.));
#2288=DIRECTION('',(0.,0.,-1.));
#2289=DIRECTION('',(-1.,0.,0.));
#2290=DIRECTION('',(0.,1.,0.));
#2291=DIRECTION('',(1.,0.,0.));
#2292=DIRECTION('',(0.,0.,-1.));
#2293=DIRECTION('',(0.,0.,-1.));
#2294=DIRECTION('',(-1.,0.,0.));
#2295=DIRECTION('',(0.,1.,0.));
#2296=DIRECTION('',(0.,1.,0.));
#2297=DIRECTION('',(1.,0.,0.));
#2298=DIRECTION('',(0.,0.,-1.));
#2299=DIRECTION('',(0.,1.,0.));
#2300=DIRECTION('',(0.,0.,-1.));
#2301=DIRECTION('',(-1.,0.,0.));
#2302=DIRECTION('',(0.,1.,0.));
#2303=DIRECTION('',(1.,0.,0.));
#2304=DIRECTION('',(0.,0.,-1.));
#2305=DIRECTION('',(0.,0.,-1.));
#2306=DIRECTION('',(-1.,0.,0.));
#2307=DIRECTION('',(0.,1.,0.));
#2308=DIRECTION('',(0.,1.,0.));
#2309=DIRECTION('',(1.,0.,0.));
#2310=DIRECTION('',(0.,0.,-1.));
#2311=DIRECTION('',(0.,1.,0.));
#2312=DIRECTION('',(0.,0.,-1.));
#2313=DIRECTION('',(-1.,0.,0.));
#2314=DIRECTION('',(0.,1.,0.));
#2315=DIRECTION('',(1.,0.,0.));
#2316=DIRECTION('',(0.,0.,-1.));
#2317=DIRECTION('',(0.,0.,-1.));
#2318=DIRECTION('',(-1.,0.,0.));
#2319=DIRECTION('',(0.,1.,0.));
#2320=DIRECTION('',(0.,1.,0.));
#2321=DIRECTION('',(1.,0.,0.));
#2322=DIRECTION('',(0.,0.,-1.));
#2323=DIRECTION('',(0.,1.,0.));
#2324=DIRECTION('',(0.,0.,-1.));
#2325=DIRECTION('',(-1.,0.,0.));
#2326=DIRECTION('',(0.,1.,0.));
#2327=DIRECTION('',(1.,0.,0.));
#2328=DIRECTION('',(0.,0.,-1.));
#2329=DIRECTION('',(0.,0.,-1.));
#2330=DIRECTION('',(-1.,0.,0.));
#2331=DIRECTION('',(0.,1.,0.));
#2332=DIRECTION('',(0.,1.,0.));
#2333=DIRECTION('',(1.,0.,0.));
#2334=DIRECTION('',(0.,0.,-1.));
#2335=DIRECTION('',(0.,1.,0.));
#2336=DIRECTION('',(0.,0.,-1.));
#2337=DIRECTION('',(-1.,0.,0.));
#2338=DIRECTION('',(0.,1.,0.));
#2339=DIRECTION('',(1.,0.,0.));
#2340=DIRECTION('',(0.,0.,-1.));
#2341=DIRECTION('',(0.,0.,-1.));
#2342=DIRECTION('',(-1.,0.,0.));
#2343=DIRECTION('',(0.,1.,0.));
#2344=DIRECTION('',(0.,1.,0.));
#2345=DIRECTION('',(1.,0.,0.));
#2346=DIRECTION('',(0.,0.,-1.));
#2347=DIRECTION('',(0.,1.,0.));
#2348=DIRECTION('',(0.,0.,-1.));
#2349=DIRECTION('',(-1.,0.,0.));
#2350=DIRECTION('',(0.,1.,0.));
#2351=DIRECTION('',(1.,0.,0.));
#2352=DIRECTION('',(0.,0.,-1.));
#2353=DIRECTION('',(0.,0.,-1.));
#2354=DIRECTION('',(-1.,0.,0.));
#2355=DIRECTION('',(0.,1.,0.));
#2356=DIRECTION('',(0.,1.,0.));
#2357=DIRECTION('',(1.,0.,0.));
#2358=DIRECTION('',(0.,0.,-1.));
#2359=DIRECTION('',(0.,1.,0.));
#2360=DIRECTION('',(0.,0.,-1.));
#2361=DIRECTION('',(-1.,0.,0.));
#2362=DIRECTION('',(0.,1.,0.));
#2363=DIRECTION('',(1.,0.,0.));
#2364=DIRECTION('',(0.,0.,-1.));
#2365=DIRECTION('',(0.,0.,-1.));
#2366=DIRECTION('',(-1.,0.,0.));
#2367=DIRECTION('',(0.,1.,0.));
#2368=DIRECTION('',(0.,1.,0.));
#2369=DIRECTION('',(1.,0.,0.));
#2370=DIRECTION('',(0.,0.,-1.));
#2371=DIRECTION('',(0.,1.,0.));
#2372=DIRECTION('',(0.,0.,-1.));
#2373=DIRECTION('',(-1.,0.,0.));
#2374=DIRECTION('',(0.,1.,0.));
#2375=DIRECTION('',(1.,0.,0.));
#2376=DIRECTION('',(0.,0.,-1.));
#2377=DIRECTION('',(0.,0.,-1.));
#2378=DIRECTION('',(-1.,0.,0.));
#2379=DIRECTION('',(0.,1.,0.));
#2380=DIRECTION('',(0.,1.,0.));
#2381=DIRECTION('',(1.,0.,0.));
#2382=DIRECTION('',(0.,0.,-1.));
#2383=DIRECTION('',(0.,1.,0.));
#2384=DIRECTION('',(0.,0.,-1.));
#2385=DIRECTION('',(-1.,0.,0.));
#2386=DIRECTION('',(0.,1.,0.));
#2387=DIRECTION('',(1.,0.,0.));
#2388=DIRECTION('',(0.,0.,-1.));
#2389=CARTESIAN_POINT('',(0.,0.,0.));
#2390=CARTESIAN_POINT('',(0.,-0.002,0.));
#2391=CARTESIAN_POINT('',(0.,-0.002,0.0125));
#2392=CARTESIAN_POINT('',(-0.07,-0.002,0.0125));
#2393=CARTESIAN_POINT('',(0.07,-0.002,0.0125));
#2394=CARTESIAN_POINT('',(-0.07,-0.002,2.60208521396521E-18));
#2395=CARTESIAN_POINT('',(-0.07,-0.002,-0.0125));
#2396=CARTESIAN_POINT('',(0.,-0.002,-0.0125));
#2397=CARTESIAN_POINT('',(0.07,-0.002,-0.0125));
#2398=CARTESIAN_POINT('',(0.07,-0.002,8.67361737988404E-19));
#2399=CARTESIAN_POINT('',(0.0641146342754364,-0.002,0.));
#2400=CARTESIAN_POINT('',(0.0641146342754364,-0.002,-0.00983890797942877));
#2401=CARTESIAN_POINT('',(0.0641146342754364,-0.002,0.0101610920205712));
#2402=CARTESIAN_POINT('',(0.,-0.002,0.0101610920205712));
#2403=CARTESIAN_POINT('',(0.0661146342754364,-0.002,0.0101610920205712));
#2404=CARTESIAN_POINT('',(0.0661146342754364,-0.002,0.));
#2405=CARTESIAN_POINT('',(0.0661146342754364,-0.002,-0.00983890797942877));
#2406=CARTESIAN_POINT('',(0.,-0.002,-0.00983890797942877));
#2407=CARTESIAN_POINT('',(0.0566494877934456,-0.002,0.));
#2408=CARTESIAN_POINT('',(0.0566494877934456,-0.002,-0.00993181716650724));
#2409=CARTESIAN_POINT('',(0.0566494877934456,-0.002,0.0100681828334928));
#2410=CARTESIAN_POINT('',(0.,-0.002,0.0100681828334928));
#2411=CARTESIAN_POINT('',(0.0586494877934456,-0.002,0.0100681828334928));
#2412=CARTESIAN_POINT('',(0.0586494877934456,-0.002,0.));
#2413=CARTESIAN_POINT('',(0.0586494877934456,-0.002,-0.00993181716650724));
#2414=CARTESIAN_POINT('',(0.,-0.002,-0.00993181716650724));
#2415=CARTESIAN_POINT('',(0.0494996060626581,-0.002,0.));
#2416=CARTESIAN_POINT('',(0.0494996060626581,-0.002,-0.01));
#2417=CARTESIAN_POINT('',(0.0494996060626581,-0.002,0.01));
#2418=CARTESIAN_POINT('',(0.,-0.002,0.01));
#2419=CARTESIAN_POINT('',(0.0514996060626581,-0.002,0.01));
#2420=CARTESIAN_POINT('',(0.0514996060626581,-0.002,0.));
#2421=CARTESIAN_POINT('',(0.0514996060626581,-0.002,-0.01));
#2422=CARTESIAN_POINT('',(0.,-0.002,-0.01));
#2423=CARTESIAN_POINT('',(0.0423271978981793,-0.002,0.));
#2424=CARTESIAN_POINT('',(0.0423271978981793,-0.002,-0.01));
#2425=CARTESIAN_POINT('',(0.0423271978981793,-0.002,0.01));
#2426=CARTESIAN_POINT('',(0.,-0.002,0.01));
#2427=CARTESIAN_POINT('',(0.0443271978981793,-0.002,0.01));
#2428=CARTESIAN_POINT('',(0.0443271978981793,-0.002,0.));
#2429=CARTESIAN_POINT('',(0.0443271978981793,-0.002,-0.01));
#2430=CARTESIAN_POINT('',(0.,-0.002,-0.01));
#2431=CARTESIAN_POINT('',(0.0351547871725634,-0.002,0.));
#2432=CARTESIAN_POINT('',(0.0351547871725634,-0.002,-0.01));
#2433=CARTESIAN_POINT('',(0.0351547871725634,-0.002,0.01));
#2434=CARTESIAN_POINT('',(0.,-0.002,0.01));
#2435=CARTESIAN_POINT('',(0.0371547871725634,-0.002,0.01));
#2436=CARTESIAN_POINT('',(0.0371547871725634,-0.002,0.));
#2437=CARTESIAN_POINT('',(0.0371547871725634,-0.002,-0.01));
#2438=CARTESIAN_POINT('',(0.,-0.002,-0.01));
#2439=CARTESIAN_POINT('',(0.027836005483754,-0.002,0.));
#2440=CARTESIAN_POINT('',(0.027836005483754,-0.002,-0.01));
#2441=CARTESIAN_POINT('',(0.027836005483754,-0.002,0.01));
#2442=CARTESIAN_POINT('',(0.,-0.002,0.01));
#2443=CARTESIAN_POINT('',(0.029836005483754,-0.002,0.01));
#2444=CARTESIAN_POINT('',(0.029836005483754,-0.002,0.));
#2445=CARTESIAN_POINT('',(0.029836005483754,-0.002,-0.01));
#2446=CARTESIAN_POINT('',(0.,-0.002,-0.01));
#2447=CARTESIAN_POINT('',(0.0208099726480432,-0.002,0.));
#2448=CARTESIAN_POINT('',(0.0208099726480432,-0.002,-0.01));
#2449=CARTESIAN_POINT('',(0.0208099726480432,-0.002,0.01));
#2450=CARTESIAN_POINT('',(0.,-0.002,0.01));
#2451=CARTESIAN_POINT('',(0.0228099726480432,-0.002,0.01));
#2452=CARTESIAN_POINT('',(0.0228099726480432,-0.002,0.));
#2453=CARTESIAN_POINT('',(0.0228099726480432,-0.002,-0.01));
#2454=CARTESIAN_POINT('',(0.,-0.002,-0.01));
#2455=CARTESIAN_POINT('',(0.013783940394409,-0.002,0.));
#2456=CARTESIAN_POINT('',(0.013783940394409,-0.002,-0.01));
#2457=CARTESIAN_POINT('',(0.013783940394409,-0.002,0.01));
#2458=CARTESIAN_POINT('',(0.,-0.002,0.01));
#2459=CARTESIAN_POINT('',(0.015783940394409,-0.002,0.01));
#2460=CARTESIAN_POINT('',(0.015783940394409,-0.002,0.));
#2461=CARTESIAN_POINT('',(0.015783940394409,-0.002,-0.01));
#2462=CARTESIAN_POINT('',(0.,-0.002,-0.01));
#2463=CARTESIAN_POINT('',(0.00705066071916372,-0.002,-6.11547333534041E-19));
#2464=CARTESIAN_POINT('',(0.00705066071916371,-0.002,-0.01));
#2465=CARTESIAN_POINT('',(0.00705066071916372,-0.002,0.01));
#2466=CARTESIAN_POINT('',(0.,-0.002,0.01));
#2467=CARTESIAN_POINT('',(0.00905066071916371,-0.002,0.01));
#2468=CARTESIAN_POINT('',(0.00905066071916371,-0.002,0.));
#2469=CARTESIAN_POINT('',(0.00905066071916371,-0.002,-0.01));
#2470=CARTESIAN_POINT('',(0.,-0.002,-0.01));
#2471=CARTESIAN_POINT('',(0.000610132632777096,-0.002,-3.96904275576737E-20));
#2472=CARTESIAN_POINT('',(0.000610132632777096,-0.002,-0.01));
#2473=CARTESIAN_POINT('',(0.000610132632777097,-0.002,0.01));
#2474=CARTESIAN_POINT('',(0.,-0.002,0.01));
#2475=CARTESIAN_POINT('',(0.00261013263277709,-0.002,0.01));
#2476=CARTESIAN_POINT('',(0.00261013263277709,-0.002,-1.13196458837289E-19));
#2477=CARTESIAN_POINT('',(0.00261013263277709,-0.002,-0.01));
#2478=CARTESIAN_POINT('',(0.,-0.002,-0.01));
#2479=CARTESIAN_POINT('',(-0.00568402146361768,-0.002,4.93010273544682E-19));
#2480=CARTESIAN_POINT('',(-0.00568402146361768,-0.002,-0.01));
#2481=CARTESIAN_POINT('',(-0.00568402146361768,-0.002,0.01));
#2482=CARTESIAN_POINT('',(0.,-0.002,0.01));
#2483=CARTESIAN_POINT('',(-0.00368402146361769,-0.002,0.01));
#2484=CARTESIAN_POINT('',(-0.00368402146361769,-0.002,1.59768962973501E-19));
#2485=CARTESIAN_POINT('',(-0.00368402146361769,-0.002,-0.01));
#2486=CARTESIAN_POINT('',(0.,-0.002,-0.01));
#2487=CARTESIAN_POINT('',(-0.0119657848370261,-0.002,0.));
#2488=CARTESIAN_POINT('',(-0.0119657848370261,-0.002,-0.01));
#2489=CARTESIAN_POINT('',(-0.0119657848370261,-0.002,0.01));
#2490=CARTESIAN_POINT('',(0.,-0.002,0.01));
#2491=CARTESIAN_POINT('',(-0.00996578483702615,-0.002,0.01));
#2492=CARTESIAN_POINT('',(-0.00996578483702615,-0.002,0.));
#2493=CARTESIAN_POINT('',(-0.00996578483702615,-0.002,-0.01));
#2494=CARTESIAN_POINT('',(0.,-0.002,-0.01));
#2495=CARTESIAN_POINT('',(-0.0184355990020558,-0.002,0.));
#2496=CARTESIAN_POINT('',(-0.0184355990020558,-0.002,-0.01));
#2497=CARTESIAN_POINT('',(-0.0184355990020558,-0.002,0.01));
#2498=CARTESIAN_POINT('',(0.,-0.002,0.01));
#2499=CARTESIAN_POINT('',(-0.0164355990020558,-0.002,0.01));
#2500=CARTESIAN_POINT('',(-0.0164355990020558,-0.002,0.));
#2501=CARTESIAN_POINT('',(-0.0164355990020558,-0.002,-0.01));
#2502=CARTESIAN_POINT('',(0.,-0.002,-0.01));
#2503=CARTESIAN_POINT('',(-0.0249054112462327,-0.002,0.));
#2504=CARTESIAN_POINT('',(-0.0249054112462327,-0.002,-0.01));
#2505=CARTESIAN_POINT('',(-0.0249054112462327,-0.002,0.01));
#2506=CARTESIAN_POINT('',(0.,-0.002,0.01));
#2507=CARTESIAN_POINT('',(-0.0229054112462327,-0.002,0.01));
#2508=CARTESIAN_POINT('',(-0.0229054112462327,-0.002,0.));
#2509=CARTESIAN_POINT('',(-0.0229054112462327,-0.002,-0.01));
#2510=CARTESIAN_POINT('',(0.,-0.002,-0.01));
#2511=CARTESIAN_POINT('',(-0.0314848829982802,-0.002,0.));
#2512=CARTESIAN_POINT('',(-0.0314848829982802,-0.002,-0.01));
#2513=CARTESIAN_POINT('',(-0.0314848829982802,-0.002,0.01));
#2514=CARTESIAN_POINT('',(0.,-0.002,0.01));
#2515=CARTESIAN_POINT('',(-0.0294848829982802,-0.002,0.01));
#2516=CARTESIAN_POINT('',(-0.0294848829982802,-0.002,0.));
#2517=CARTESIAN_POINT('',(-0.0294848829982802,-0.002,-0.01));
#2518=CARTESIAN_POINT('',(0.,-0.002,-0.01));
#2519=CARTESIAN_POINT('',(-0.0378450375972315,-0.002,0.));
#2520=CARTESIAN_POINT('',(-0.0378450375972315,-0.002,-0.01));
#2521=CARTESIAN_POINT('',(-0.0378450375972315,-0.002,0.01));
#2522=CARTESIAN_POINT('',(0.,-0.002,0.01));
#2523=CARTESIAN_POINT('',(-0.0358450375972316,-0.002,0.01));
#2524=CARTESIAN_POINT('',(-0.0358450375972316,-0.002,0.));
#2525=CARTESIAN_POINT('',(-0.0358450375972316,-0.002,-0.01));
#2526=CARTESIAN_POINT('',(0.,-0.002,-0.01));
#2527=CARTESIAN_POINT('',(-0.0442697876822203,-0.002,0.));
#2528=CARTESIAN_POINT('',(-0.0442697876822203,-0.002,-0.01));
#2529=CARTESIAN_POINT('',(-0.0442697876822203,-0.002,0.01));
#2530=CARTESIAN_POINT('',(0.,-0.002,0.01));
#2531=CARTESIAN_POINT('',(-0.0422697876822203,-0.002,0.01));
#2532=CARTESIAN_POINT('',(-0.0422697876822203,-0.002,0.));
#2533=CARTESIAN_POINT('',(-0.0422697876822203,-0.002,-0.01));
#2534=CARTESIAN_POINT('',(0.,-0.002,-0.01));
#2535=CARTESIAN_POINT('',(-0.050568037269637,-0.002,0.));
#2536=CARTESIAN_POINT('',(-0.050568037269637,-0.002,-0.01));
#2537=CARTESIAN_POINT('',(-0.050568037269637,-0.002,0.01));
#2538=CARTESIAN_POINT('',(0.,-0.002,0.01));
#2539=CARTESIAN_POINT('',(-0.048568037269637,-0.002,0.01));
#2540=CARTESIAN_POINT('',(-0.048568037269637,-0.002,0.));
#2541=CARTESIAN_POINT('',(-0.048568037269637,-0.002,-0.01));
#2542=CARTESIAN_POINT('',(0.,-0.002,-0.01));
#2543=CARTESIAN_POINT('',(-0.0568662887196988,-0.002,0.));
#2544=CARTESIAN_POINT('',(-0.0568662887196988,-0.002,-0.01));
#2545=CARTESIAN_POINT('',(-0.0568662887196988,-0.002,0.01));
#2546=CARTESIAN_POINT('',(0.,-0.002,0.01));
#2547=CARTESIAN_POINT('',(-0.0548662887196988,-0.002,0.01));
#2548=CARTESIAN_POINT('',(-0.0548662887196988,-0.002,0.));
#2549=CARTESIAN_POINT('',(-0.0548662887196988,-0.002,-0.01));
#2550=CARTESIAN_POINT('',(0.,-0.002,-0.01));
#2551=CARTESIAN_POINT('',(-0.0636553080510348,-0.002,0.));
#2552=CARTESIAN_POINT('',(-0.0636553080510348,-0.002,-0.01));
#2553=CARTESIAN_POINT('',(-0.0636553080510348,-0.002,0.01));
#2554=CARTESIAN_POINT('',(0.,-0.002,0.01));
#2555=CARTESIAN_POINT('',(-0.0616553080510348,-0.002,0.01));
#2556=CARTESIAN_POINT('',(-0.0616553080510348,-0.002,0.));
#2557=CARTESIAN_POINT('',(-0.0616553080510348,-0.002,-0.01));
#2558=CARTESIAN_POINT('',(0.,-0.002,-0.01));
#2559=CARTESIAN_POINT('',(0.,0.,0.));
#2560=CARTESIAN_POINT('',(-0.0558662887196988,0.,0.01));
#2561=CARTESIAN_POINT('',(-0.0548662887196988,0.,0.01));
#2562=CARTESIAN_POINT('',(-0.0568662887196988,0.,0.01));
#2563=CARTESIAN_POINT('',(-0.0568662887196988,0.,0.));
#2564=CARTESIAN_POINT('',(-0.0568662887196988,0.,-0.01));
#2565=CARTESIAN_POINT('',(-0.0558662887196988,0.,-0.01));
#2566=CARTESIAN_POINT('',(-0.0548662887196988,0.,-0.01));
#2567=CARTESIAN_POINT('',(-0.0548662887196988,0.,1.7347234759768E-18));
#2568=CARTESIAN_POINT('',(-0.0432697876822203,0.,0.01));
#2569=CARTESIAN_POINT('',(-0.0422697876822203,0.,0.01));
#2570=CARTESIAN_POINT('',(-0.0442697876822203,0.,0.01));
#2571=CARTESIAN_POINT('',(-0.0442697876822203,0.,0.));
#2572=CARTESIAN_POINT('',(-0.0442697876822203,0.,-0.01));
#2573=CARTESIAN_POINT('',(-0.0432697876822203,0.,-0.01));
#2574=CARTESIAN_POINT('',(-0.0422697876822203,0.,-0.01));
#2575=CARTESIAN_POINT('',(-0.0422697876822203,0.,1.7347234759768E-18));
#2576=CARTESIAN_POINT('',(-0.0304848829982802,0.,0.01));
#2577=CARTESIAN_POINT('',(-0.0294848829982802,0.,0.01));
#2578=CARTESIAN_POINT('',(-0.0314848829982802,0.,0.01));
#2579=CARTESIAN_POINT('',(-0.0314848829982802,0.,0.));
#2580=CARTESIAN_POINT('',(-0.0314848829982802,0.,-0.01));
#2581=CARTESIAN_POINT('',(-0.0304848829982802,0.,-0.01));
#2582=CARTESIAN_POINT('',(-0.0294848829982802,0.,-0.01));
#2583=CARTESIAN_POINT('',(-0.0294848829982802,0.,1.7347234759768E-18));
#2584=CARTESIAN_POINT('',(-0.0174355990020558,0.,0.01));
#2585=CARTESIAN_POINT('',(-0.0164355990020558,0.,0.01));
#2586=CARTESIAN_POINT('',(-0.0184355990020558,0.,0.01));
#2587=CARTESIAN_POINT('',(-0.0184355990020558,0.,0.));
#2588=CARTESIAN_POINT('',(-0.0184355990020558,0.,-0.01));
#2589=CARTESIAN_POINT('',(-0.0174355990020558,0.,-0.01));
#2590=CARTESIAN_POINT('',(-0.0164355990020558,0.,-0.01));
#2591=CARTESIAN_POINT('',(-0.0164355990020558,0.,1.7347234759768E-18));
#2592=CARTESIAN_POINT('',(-0.00468402146361768,0.,0.01));
#2593=CARTESIAN_POINT('',(-0.00368402146361769,0.,0.01));
#2594=CARTESIAN_POINT('',(-0.00568402146361768,0.,0.01));
#2595=CARTESIAN_POINT('',(-0.00568402146361768,0.,0.));
#2596=CARTESIAN_POINT('',(-0.00568402146361768,0.,-0.01));
#2597=CARTESIAN_POINT('',(-0.00468402146361768,0.,-0.01));
#2598=CARTESIAN_POINT('',(-0.00368402146361769,0.,-0.01));
#2599=CARTESIAN_POINT('',(-0.00368402146361769,0.,0.));
#2600=CARTESIAN_POINT('',(0.00805066071916372,0.,0.01));
#2601=CARTESIAN_POINT('',(0.00905066071916371,0.,0.01));
#2602=CARTESIAN_POINT('',(0.00705066071916372,0.,0.01));
#2603=CARTESIAN_POINT('',(0.00705066071916372,0.,0.));
#2604=CARTESIAN_POINT('',(0.00705066071916371,0.,-0.01));
#2605=CARTESIAN_POINT('',(0.00805066071916372,0.,-0.01));
#2606=CARTESIAN_POINT('',(0.00905066071916371,0.,-0.01));
#2607=CARTESIAN_POINT('',(0.00905066071916371,0.,0.));
#2608=CARTESIAN_POINT('',(0.0218099726480432,0.,0.01));
#2609=CARTESIAN_POINT('',(0.0228099726480432,0.,0.01));
#2610=CARTESIAN_POINT('',(0.0208099726480432,0.,0.01));
#2611=CARTESIAN_POINT('',(0.0208099726480432,0.,0.));
#2612=CARTESIAN_POINT('',(0.0208099726480432,0.,-0.01));
#2613=CARTESIAN_POINT('',(0.0218099726480432,0.,-0.01));
#2614=CARTESIAN_POINT('',(0.0228099726480432,0.,-0.01));
#2615=CARTESIAN_POINT('',(0.0228099726480432,0.,0.));
#2616=CARTESIAN_POINT('',(0.0361547871725634,0.,0.01));
#2617=CARTESIAN_POINT('',(0.0371547871725634,0.,0.01));
#2618=CARTESIAN_POINT('',(0.0351547871725634,0.,0.01));
#2619=CARTESIAN_POINT('',(0.0351547871725634,0.,-1.7347234759768E-18));
#2620=CARTESIAN_POINT('',(0.0351547871725634,0.,-0.01));
#2621=CARTESIAN_POINT('',(0.0361547871725634,0.,-0.01));
#2622=CARTESIAN_POINT('',(0.0371547871725634,0.,-0.01));
#2623=CARTESIAN_POINT('',(0.0371547871725634,0.,0.));
#2624=CARTESIAN_POINT('',(0.0504996060626581,0.,0.01));
#2625=CARTESIAN_POINT('',(0.0514996060626581,0.,0.01));
#2626=CARTESIAN_POINT('',(0.0494996060626581,0.,0.01));
#2627=CARTESIAN_POINT('',(0.0494996060626581,0.,-1.7347234759768E-18));
#2628=CARTESIAN_POINT('',(0.0494996060626581,0.,-0.01));
#2629=CARTESIAN_POINT('',(0.0504996060626581,0.,-0.01));
#2630=CARTESIAN_POINT('',(0.0514996060626581,0.,-0.01));
#2631=CARTESIAN_POINT('',(0.0514996060626581,0.,0.));
#2632=CARTESIAN_POINT('',(0.0651146342754364,0.,0.0101610920205712));
#2633=CARTESIAN_POINT('',(0.0661146342754364,0.,0.0101610920205712));
#2634=CARTESIAN_POINT('',(0.0641146342754364,0.,0.0101610920205712));
#2635=CARTESIAN_POINT('',(0.0641146342754364,0.,0.000161092020571232));
#2636=CARTESIAN_POINT('',(0.0641146342754364,0.,-0.00983890797942877));
#2637=CARTESIAN_POINT('',(0.0651146342754364,0.,-0.00983890797942877));
#2638=CARTESIAN_POINT('',(0.0661146342754364,0.,-0.00983890797942877));
#2639=CARTESIAN_POINT('',(0.0661146342754364,0.,0.000161092020571232));
#2640=CARTESIAN_POINT('',(0.,0.,0.0125));
#2641=CARTESIAN_POINT('',(-0.07,0.,0.0125));
#2642=CARTESIAN_POINT('',(0.07,0.,0.0125));
#2643=CARTESIAN_POINT('',(0.07,0.,8.67361737988404E-19));
#2644=CARTESIAN_POINT('',(0.07,0.,-0.0125));
#2645=CARTESIAN_POINT('',(0.,0.,-0.0125));
#2646=CARTESIAN_POINT('',(-0.07,0.,-0.0125));
#2647=CARTESIAN_POINT('',(-0.07,0.,2.60208521396521E-18));
#2648=CARTESIAN_POINT('',(0.0576494877934456,0.,0.0100681828334928));
#2649=CARTESIAN_POINT('',(0.0586494877934456,0.,0.0100681828334928));
#2650=CARTESIAN_POINT('',(0.0566494877934456,0.,0.0100681828334928));
#2651=CARTESIAN_POINT('',(0.0566494877934456,0.,6.81828334927592E-5));
#2652=CARTESIAN_POINT('',(0.0566494877934456,0.,-0.00993181716650724));
#2653=CARTESIAN_POINT('',(0.0576494877934456,0.,-0.00993181716650724));
#2654=CARTESIAN_POINT('',(0.0586494877934456,0.,-0.00993181716650724));
#2655=CARTESIAN_POINT('',(0.0586494877934456,0.,6.81828334927592E-5));
#2656=CARTESIAN_POINT('',(0.0433271978981793,0.,0.01));
#2657=CARTESIAN_POINT('',(0.0443271978981793,0.,0.01));
#2658=CARTESIAN_POINT('',(0.0423271978981793,0.,0.01));
#2659=CARTESIAN_POINT('',(0.0423271978981793,0.,-1.7347234759768E-18));
#2660=CARTESIAN_POINT('',(0.0423271978981793,0.,-0.01));
#2661=CARTESIAN_POINT('',(0.0433271978981793,0.,-0.01));
#2662=CARTESIAN_POINT('',(0.0443271978981793,0.,-0.01));
#2663=CARTESIAN_POINT('',(0.0443271978981793,0.,0.));
#2664=CARTESIAN_POINT('',(0.028836005483754,0.,0.01));
#2665=CARTESIAN_POINT('',(0.029836005483754,0.,0.01));
#2666=CARTESIAN_POINT('',(0.027836005483754,0.,0.01));
#2667=CARTESIAN_POINT('',(0.027836005483754,0.,-1.7347234759768E-18));
#2668=CARTESIAN_POINT('',(0.027836005483754,0.,-0.01));
#2669=CARTESIAN_POINT('',(0.028836005483754,0.,-0.01));
#2670=CARTESIAN_POINT('',(0.029836005483754,0.,-0.01));
#2671=CARTESIAN_POINT('',(0.029836005483754,0.,0.));
#2672=CARTESIAN_POINT('',(0.014783940394409,0.,0.01));
#2673=CARTESIAN_POINT('',(0.015783940394409,0.,0.01));
#2674=CARTESIAN_POINT('',(0.013783940394409,0.,0.01));
#2675=CARTESIAN_POINT('',(0.013783940394409,0.,0.));
#2676=CARTESIAN_POINT('',(0.013783940394409,0.,-0.01));
#2677=CARTESIAN_POINT('',(0.014783940394409,0.,-0.01));
#2678=CARTESIAN_POINT('',(0.015783940394409,0.,-0.01));
#2679=CARTESIAN_POINT('',(0.015783940394409,0.,0.));
#2680=CARTESIAN_POINT('',(0.0016101326327771,0.,0.01));
#2681=CARTESIAN_POINT('',(0.00261013263277709,0.,0.01));
#2682=CARTESIAN_POINT('',(0.000610132632777097,0.,0.01));
#2683=CARTESIAN_POINT('',(0.000610132632777096,0.,0.));
#2684=CARTESIAN_POINT('',(0.000610132632777096,0.,-0.01));
#2685=CARTESIAN_POINT('',(0.0016101326327771,0.,-0.01));
#2686=CARTESIAN_POINT('',(0.00261013263277709,0.,-0.01));
#2687=CARTESIAN_POINT('',(0.00261013263277709,0.,0.));
#2688=CARTESIAN_POINT('',(-0.0109657848370261,0.,0.01));
#2689=CARTESIAN_POINT('',(-0.00996578483702615,0.,0.01));
#2690=CARTESIAN_POINT('',(-0.0119657848370261,0.,0.01));
#2691=CARTESIAN_POINT('',(-0.0119657848370261,0.,0.));
#2692=CARTESIAN_POINT('',(-0.0119657848370261,0.,-0.01));
#2693=CARTESIAN_POINT('',(-0.0109657848370261,0.,-0.01));
#2694=CARTESIAN_POINT('',(-0.00996578483702615,0.,-0.01));
#2695=CARTESIAN_POINT('',(-0.00996578483702615,0.,0.));
#2696=CARTESIAN_POINT('',(-0.0239054112462327,0.,0.01));
#2697=CARTESIAN_POINT('',(-0.0229054112462327,0.,0.01));
#2698=CARTESIAN_POINT('',(-0.0249054112462327,0.,0.01));
#2699=CARTESIAN_POINT('',(-0.0249054112462327,0.,0.));
#2700=CARTESIAN_POINT('',(-0.0249054112462327,0.,-0.01));
#2701=CARTESIAN_POINT('',(-0.0239054112462327,0.,-0.01));
#2702=CARTESIAN_POINT('',(-0.0229054112462327,0.,-0.01));
#2703=CARTESIAN_POINT('',(-0.0229054112462327,0.,1.7347234759768E-18));
#2704=CARTESIAN_POINT('',(-0.0368450375972315,0.,0.01));
#2705=CARTESIAN_POINT('',(-0.0358450375972316,0.,0.01));
#2706=CARTESIAN_POINT('',(-0.0378450375972315,0.,0.01));
#2707=CARTESIAN_POINT('',(-0.0378450375972315,0.,0.));
#2708=CARTESIAN_POINT('',(-0.0378450375972315,0.,-0.01));
#2709=CARTESIAN_POINT('',(-0.0368450375972315,0.,-0.01));
#2710=CARTESIAN_POINT('',(-0.0358450375972316,0.,-0.01));
#2711=CARTESIAN_POINT('',(-0.0358450375972316,0.,1.7347234759768E-18));
#2712=CARTESIAN_POINT('',(-0.049568037269637,0.,0.01));
#2713=CARTESIAN_POINT('',(-0.048568037269637,0.,0.01));
#2714=CARTESIAN_POINT('',(-0.050568037269637,0.,0.01));
#2715=CARTESIAN_POINT('',(-0.050568037269637,0.,0.));
#2716=CARTESIAN_POINT('',(-0.050568037269637,0.,-0.01));
#2717=CARTESIAN_POINT('',(-0.049568037269637,0.,-0.01));
#2718=CARTESIAN_POINT('',(-0.048568037269637,0.,-0.01));
#2719=CARTESIAN_POINT('',(-0.048568037269637,0.,1.7347234759768E-18));
#2720=CARTESIAN_POINT('',(-0.0626553080510348,0.,0.01));
#2721=CARTESIAN_POINT('',(-0.0616553080510348,0.,0.01));
#2722=CARTESIAN_POINT('',(-0.0636553080510348,0.,0.01));
#2723=CARTESIAN_POINT('',(-0.0636553080510348,0.,0.));
#2724=CARTESIAN_POINT('',(-0.0636553080510348,0.,-0.01));
#2725=CARTESIAN_POINT('',(-0.0626553080510348,0.,-0.01));
#2726=CARTESIAN_POINT('',(-0.0616553080510348,0.,-0.01));
#2727=CARTESIAN_POINT('',(-0.0616553080510348,0.,1.7347234759768E-18));
#2728=CARTESIAN_POINT('',(0.,-0.002,0.0125));
#2729=CARTESIAN_POINT('',(-0.07,-0.002,0.0125));
#2730=CARTESIAN_POINT('',(0.07,-0.002,0.0125));
#2731=CARTESIAN_POINT('',(-0.07,-0.002,2.60208521396521E-18));
#2732=CARTESIAN_POINT('',(-0.07,-0.002,-0.0125));
#2733=CARTESIAN_POINT('',(0.,-0.002,-0.0125));
#2734=CARTESIAN_POINT('',(0.07,-0.002,-0.0125));
#2735=CARTESIAN_POINT('',(0.07,-0.002,8.67361737988404E-19));
#2736=CARTESIAN_POINT('',(0.0651146342754364,-0.142238689089086,0.0101610920205712));
#2737=CARTESIAN_POINT('',(0.0641146342754364,-0.142238689089086,0.0101610920205712));
#2738=CARTESIAN_POINT('',(0.0661146342754364,-0.142238689089086,0.0101610920205712));
#2739=CARTESIAN_POINT('',(0.0661146342754364,-0.142238689089086,0.000161092020571232));
#2740=CARTESIAN_POINT('',(0.0661146342754364,-0.142238689089086,-0.00983890797942877));
#2741=CARTESIAN_POINT('',(0.0651146342754364,-0.142238689089086,-0.00983890797942877));
#2742=CARTESIAN_POINT('',(0.0641146342754364,-0.142238689089086,-0.00983890797942877));
#2743=CARTESIAN_POINT('',(0.0641146342754364,-0.142238689089086,0.000161092020571232));
#2744=CARTESIAN_POINT('',(0.0576494877934456,-0.142238689089086,0.0100681828334928));
#2745=CARTESIAN_POINT('',(0.0566494877934456,-0.142238689089086,0.0100681828334928));
#2746=CARTESIAN_POINT('',(0.0586494877934456,-0.142238689089086,0.0100681828334928));
#2747=CARTESIAN_POINT('',(0.0586494877934456,-0.142238689089086,6.81828334927592E-5));
#2748=CARTESIAN_POINT('',(0.0586494877934456,-0.142238689089086,-0.00993181716650724));
#2749=CARTESIAN_POINT('',(0.0576494877934456,-0.142238689089086,-0.00993181716650724));
#2750=CARTESIAN_POINT('',(0.0566494877934456,-0.142238689089086,-0.00993181716650724));
#2751=CARTESIAN_POINT('',(0.0566494877934456,-0.142238689089086,6.81828334927592E-5));
#2752=CARTESIAN_POINT('',(0.0504996060626581,-0.142238689089086,0.01));
#2753=CARTESIAN_POINT('',(0.0494996060626581,-0.142238689089086,0.01));
#2754=CARTESIAN_POINT('',(0.0514996060626581,-0.142238689089086,0.01));
#2755=CARTESIAN_POINT('',(0.0514996060626581,-0.142238689089086,0.));
#2756=CARTESIAN_POINT('',(0.0514996060626581,-0.142238689089086,-0.01));
#2757=CARTESIAN_POINT('',(0.0504996060626581,-0.142238689089086,-0.01));
#2758=CARTESIAN_POINT('',(0.0494996060626581,-0.142238689089086,-0.01));
#2759=CARTESIAN_POINT('',(0.0494996060626581,-0.142238689089086,-1.7347234759768E-18));
#2760=CARTESIAN_POINT('',(0.0433271978981793,-0.142238689089086,0.01));
#2761=CARTESIAN_POINT('',(0.0423271978981793,-0.142238689089086,0.01));
#2762=CARTESIAN_POINT('',(0.0443271978981793,-0.142238689089086,0.01));
#2763=CARTESIAN_POINT('',(0.0443271978981793,-0.142238689089086,0.));
#2764=CARTESIAN_POINT('',(0.0443271978981793,-0.142238689089086,-0.01));
#2765=CARTESIAN_POINT('',(0.0433271978981793,-0.142238689089086,-0.01));
#2766=CARTESIAN_POINT('',(0.0423271978981793,-0.142238689089086,-0.01));
#2767=CARTESIAN_POINT('',(0.0423271978981793,-0.142238689089086,-1.7347234759768E-18));
#2768=CARTESIAN_POINT('',(0.0361547871725634,-0.142238689089086,0.01));
#2769=CARTESIAN_POINT('',(0.0351547871725634,-0.142238689089086,0.01));
#2770=CARTESIAN_POINT('',(0.0371547871725634,-0.142238689089086,0.01));
#2771=CARTESIAN_POINT('',(0.0371547871725634,-0.142238689089086,0.));
#2772=CARTESIAN_POINT('',(0.0371547871725634,-0.142238689089086,-0.01));
#2773=CARTESIAN_POINT('',(0.0361547871725634,-0.142238689089086,-0.01));
#2774=CARTESIAN_POINT('',(0.0351547871725634,-0.142238689089086,-0.01));
#2775=CARTESIAN_POINT('',(0.0351547871725634,-0.142238689089086,-1.7347234759768E-18));
#2776=CARTESIAN_POINT('',(0.028836005483754,-0.142238689089086,0.01));
#2777=CARTESIAN_POINT('',(0.027836005483754,-0.142238689089086,0.01));
#2778=CARTESIAN_POINT('',(0.029836005483754,-0.142238689089086,0.01));
#2779=CARTESIAN_POINT('',(0.029836005483754,-0.142238689089086,0.));
#2780=CARTESIAN_POINT('',(0.029836005483754,-0.142238689089086,-0.01));
#2781=CARTESIAN_POINT('',(0.028836005483754,-0.142238689089086,-0.01));
#2782=CARTESIAN_POINT('',(0.027836005483754,-0.142238689089086,-0.01));
#2783=CARTESIAN_POINT('',(0.027836005483754,-0.142238689089086,-1.7347234759768E-18));
#2784=CARTESIAN_POINT('',(0.0218099726480432,-0.142238689089086,0.01));
#2785=CARTESIAN_POINT('',(0.0208099726480432,-0.142238689089086,0.01));
#2786=CARTESIAN_POINT('',(0.0228099726480432,-0.142238689089086,0.01));
#2787=CARTESIAN_POINT('',(0.0228099726480432,-0.142238689089086,0.));
#2788=CARTESIAN_POINT('',(0.0228099726480432,-0.142238689089086,-0.01));
#2789=CARTESIAN_POINT('',(0.0218099726480432,-0.142238689089086,-0.01));
#2790=CARTESIAN_POINT('',(0.0208099726480432,-0.142238689089086,-0.01));
#2791=CARTESIAN_POINT('',(0.0208099726480432,-0.142238689089086,0.));
#2792=CARTESIAN_POINT('',(0.014783940394409,-0.142238689089086,0.01));
#2793=CARTESIAN_POINT('',(0.013783940394409,-0.142238689089086,0.01));
#2794=CARTESIAN_POINT('',(0.015783940394409,-0.142238689089086,0.01));
#2795=CARTESIAN_POINT('',(0.015783940394409,-0.142238689089086,0.));
#2796=CARTESIAN_POINT('',(0.015783940394409,-0.142238689089086,-0.01));
#2797=CARTESIAN_POINT('',(0.014783940394409,-0.142238689089086,-0.01));
#2798=CARTESIAN_POINT('',(0.013783940394409,-0.142238689089086,-0.01));
#2799=CARTESIAN_POINT('',(0.013783940394409,-0.142238689089086,0.));
#2800=CARTESIAN_POINT('',(0.00805066071916372,-0.142238689089086,0.01));
#2801=CARTESIAN_POINT('',(0.00705066071916372,-0.142238689089086,0.01));
#2802=CARTESIAN_POINT('',(0.00905066071916371,-0.142238689089086,0.01));
#2803=CARTESIAN_POINT('',(0.00905066071916371,-0.142238689089086,0.));
#2804=CARTESIAN_POINT('',(0.00905066071916371,-0.142238689089086,-0.01));
#2805=CARTESIAN_POINT('',(0.00805066071916372,-0.142238689089086,-0.01));
#2806=CARTESIAN_POINT('',(0.00705066071916371,-0.142238689089086,-0.01));
#2807=CARTESIAN_POINT('',(0.00705066071916372,-0.142238689089086,0.));
#2808=CARTESIAN_POINT('',(0.0016101326327771,-0.142238689089086,0.01));
#2809=CARTESIAN_POINT('',(0.000610132632777097,-0.142238689089086,0.01));
#2810=CARTESIAN_POINT('',(0.00261013263277709,-0.142238689089086,0.01));
#2811=CARTESIAN_POINT('',(0.00261013263277709,-0.142238689089086,0.));
#2812=CARTESIAN_POINT('',(0.00261013263277709,-0.142238689089086,-0.01));
#2813=CARTESIAN_POINT('',(0.0016101326327771,-0.142238689089086,-0.01));
#2814=CARTESIAN_POINT('',(0.000610132632777096,-0.142238689089086,-0.01));
#2815=CARTESIAN_POINT('',(0.000610132632777096,-0.142238689089086,0.));
#2816=CARTESIAN_POINT('',(-0.00468402146361768,-0.142238689089086,0.01));
#2817=CARTESIAN_POINT('',(-0.00568402146361768,-0.142238689089086,0.01));
#2818=CARTESIAN_POINT('',(-0.00368402146361769,-0.142238689089086,0.01));
#2819=CARTESIAN_POINT('',(-0.00368402146361769,-0.142238689089086,0.));
#2820=CARTESIAN_POINT('',(-0.00368402146361769,-0.142238689089086,-0.01));
#2821=CARTESIAN_POINT('',(-0.00468402146361768,-0.142238689089086,-0.01));
#2822=CARTESIAN_POINT('',(-0.00568402146361768,-0.142238689089086,-0.01));
#2823=CARTESIAN_POINT('',(-0.00568402146361768,-0.142238689089086,0.));
#2824=CARTESIAN_POINT('',(-0.0109657848370261,-0.142238689089086,0.01));
#2825=CARTESIAN_POINT('',(-0.0119657848370261,-0.142238689089086,0.01));
#2826=CARTESIAN_POINT('',(-0.00996578483702615,-0.142238689089086,0.01));
#2827=CARTESIAN_POINT('',(-0.00996578483702615,-0.142238689089086,0.));
#2828=CARTESIAN_POINT('',(-0.00996578483702615,-0.142238689089086,-0.01));
#2829=CARTESIAN_POINT('',(-0.0109657848370261,-0.142238689089086,-0.01));
#2830=CARTESIAN_POINT('',(-0.0119657848370261,-0.142238689089086,-0.01));
#2831=CARTESIAN_POINT('',(-0.0119657848370261,-0.142238689089086,0.));
#2832=CARTESIAN_POINT('',(-0.0174355990020558,-0.142238689089086,0.01));
#2833=CARTESIAN_POINT('',(-0.0184355990020558,-0.142238689089086,0.01));
#2834=CARTESIAN_POINT('',(-0.0164355990020558,-0.142238689089086,0.01));
#2835=CARTESIAN_POINT('',(-0.0164355990020558,-0.142238689089086,1.7347234759768E-18));
#2836=CARTESIAN_POINT('',(-0.0164355990020558,-0.142238689089086,-0.01));
#2837=CARTESIAN_POINT('',(-0.0174355990020558,-0.142238689089086,-0.01));
#2838=CARTESIAN_POINT('',(-0.0184355990020558,-0.142238689089086,-0.01));
#2839=CARTESIAN_POINT('',(-0.0184355990020558,-0.142238689089086,0.));
#2840=CARTESIAN_POINT('',(-0.0239054112462327,-0.142238689089086,0.01));
#2841=CARTESIAN_POINT('',(-0.0249054112462327,-0.142238689089086,0.01));
#2842=CARTESIAN_POINT('',(-0.0229054112462327,-0.142238689089086,0.01));
#2843=CARTESIAN_POINT('',(-0.0229054112462327,-0.142238689089086,1.7347234759768E-18));
#2844=CARTESIAN_POINT('',(-0.0229054112462327,-0.142238689089086,-0.01));
#2845=CARTESIAN_POINT('',(-0.0239054112462327,-0.142238689089086,-0.01));
#2846=CARTESIAN_POINT('',(-0.0249054112462327,-0.142238689089086,-0.01));
#2847=CARTESIAN_POINT('',(-0.0249054112462327,-0.142238689089086,0.));
#2848=CARTESIAN_POINT('',(-0.0304848829982802,-0.142238689089086,0.01));
#2849=CARTESIAN_POINT('',(-0.0314848829982802,-0.142238689089086,0.01));
#2850=CARTESIAN_POINT('',(-0.0294848829982802,-0.142238689089086,0.01));
#2851=CARTESIAN_POINT('',(-0.0294848829982802,-0.142238689089086,1.7347234759768E-18));
#2852=CARTESIAN_POINT('',(-0.0294848829982802,-0.142238689089086,-0.01));
#2853=CARTESIAN_POINT('',(-0.0304848829982802,-0.142238689089086,-0.01));
#2854=CARTESIAN_POINT('',(-0.0314848829982802,-0.142238689089086,-0.01));
#2855=CARTESIAN_POINT('',(-0.0314848829982802,-0.142238689089086,0.));
#2856=CARTESIAN_POINT('',(-0.0368450375972315,-0.142238689089086,0.01));
#2857=CARTESIAN_POINT('',(-0.0378450375972315,-0.142238689089086,0.01));
#2858=CARTESIAN_POINT('',(-0.0358450375972316,-0.142238689089086,0.01));
#2859=CARTESIAN_POINT('',(-0.0358450375972316,-0.142238689089086,1.7347234759768E-18));
#2860=CARTESIAN_POINT('',(-0.0358450375972316,-0.142238689089086,-0.01));
#2861=CARTESIAN_POINT('',(-0.0368450375972315,-0.142238689089086,-0.01));
#2862=CARTESIAN_POINT('',(-0.0378450375972315,-0.142238689089086,-0.01));
#2863=CARTESIAN_POINT('',(-0.0378450375972315,-0.142238689089086,0.));
#2864=CARTESIAN_POINT('',(-0.0432697876822203,-0.142238689089086,0.01));
#2865=CARTESIAN_POINT('',(-0.0442697876822203,-0.142238689089086,0.01));
#2866=CARTESIAN_POINT('',(-0.0422697876822203,-0.142238689089086,0.01));
#2867=CARTESIAN_POINT('',(-0.0422697876822203,-0.142238689089086,1.7347234759768E-18));
#2868=CARTESIAN_POINT('',(-0.0422697876822203,-0.142238689089086,-0.01));
#2869=CARTESIAN_POINT('',(-0.0432697876822203,-0.142238689089086,-0.01));
#2870=CARTESIAN_POINT('',(-0.0442697876822203,-0.142238689089086,-0.01));
#2871=CARTESIAN_POINT('',(-0.0442697876822203,-0.142238689089086,0.));
#2872=CARTESIAN_POINT('',(-0.049568037269637,-0.142238689089086,0.01));
#2873=CARTESIAN_POINT('',(-0.050568037269637,-0.142238689089086,0.01));
#2874=CARTESIAN_POINT('',(-0.048568037269637,-0.142238689089086,0.01));
#2875=CARTESIAN_POINT('',(-0.048568037269637,-0.142238689089086,1.7347234759768E-18));
#2876=CARTESIAN_POINT('',(-0.048568037269637,-0.142238689089086,-0.01));
#2877=CARTESIAN_POINT('',(-0.049568037269637,-0.142238689089086,-0.01));
#2878=CARTESIAN_POINT('',(-0.050568037269637,-0.142238689089086,-0.01));
#2879=CARTESIAN_POINT('',(-0.050568037269637,-0.142238689089086,0.));
#2880=CARTESIAN_POINT('',(-0.0558662887196988,-0.142238689089086,0.01));
#2881=CARTESIAN_POINT('',(-0.0568662887196988,-0.142238689089086,0.01));
#2882=CARTESIAN_POINT('',(-0.0548662887196988,-0.142238689089086,0.01));
#2883=CARTESIAN_POINT('',(-0.0548662887196988,-0.142238689089086,1.7347234759768E-18));
#2884=CARTESIAN_POINT('',(-0.0548662887196988,-0.142238689089086,-0.01));
#2885=CARTESIAN_POINT('',(-0.0558662887196988,-0.142238689089086,-0.01));
#2886=CARTESIAN_POINT('',(-0.0568662887196988,-0.142238689089086,-0.01));
#2887=CARTESIAN_POINT('',(-0.0568662887196988,-0.142238689089086,0.));
#2888=CARTESIAN_POINT('',(-0.0626553080510348,-0.142238689089086,0.01));
#2889=CARTESIAN_POINT('',(-0.0636553080510348,-0.142238689089086,0.01));
#2890=CARTESIAN_POINT('',(-0.0616553080510348,-0.142238689089086,0.01));
#2891=CARTESIAN_POINT('',(-0.0616553080510348,-0.142238689089086,1.7347234759768E-18));
#2892=CARTESIAN_POINT('',(-0.0616553080510348,-0.142238689089086,-0.01));
#2893=CARTESIAN_POINT('',(-0.0626553080510348,-0.142238689089086,-0.01));
#2894=CARTESIAN_POINT('',(-0.0636553080510348,-0.142238689089086,-0.01));
#2895=CARTESIAN_POINT('',(-0.0636553080510348,-0.142238689089086,0.));
#2896=MECHANICAL_DESIGN_GEOMETRIC_PRESENTATION_REPRESENTATION('',(#1865),
#2897);
#2897=(
GEOMETRIC_REPRESENTATION_CONTEXT(3)
GLOBAL_UNCERTAINTY_ASSIGNED_CONTEXT((#2898))
GLOBAL_UNIT_ASSIGNED_CONTEXT((#2901,#2900,#2899))
REPRESENTATION_CONTEXT('Part 1','TOP_LEVEL_ASSEMBLY_PART')
);
#2898=UNCERTAINTY_MEASURE_WITH_UNIT(LENGTH_MEASURE(1.E-8),#2901,
'DISTANCE_ACCURACY_VALUE','Maximum Tolerance applied to model');
#2899=(
NAMED_UNIT(*)
SI_UNIT($,.STERADIAN.)
SOLID_ANGLE_UNIT()
);
#2900=(
NAMED_UNIT(*)
PLANE_ANGLE_UNIT()
SI_UNIT($,.RADIAN.)
);
#2901=(
LENGTH_UNIT()
NAMED_UNIT(*)
SI_UNIT($,.METRE.)
);
#2902=PRODUCT_DEFINITION_SHAPE('','',#2903);
#2903=PRODUCT_DEFINITION('','',#2905,#2904);
#2904=PRODUCT_DEFINITION_CONTEXT('',#2911,'design');
#2905=PRODUCT_DEFINITION_FORMATION_WITH_SPECIFIED_SOURCE('','',#2907,
 .NOT_KNOWN.);
#2906=PRODUCT_RELATED_PRODUCT_CATEGORY('','',(#2907));
#2907=PRODUCT('Part 1','Part 1','Part 1',(#2909));
#2908=PRODUCT_CATEGORY('','');
#2909=PRODUCT_CONTEXT('',#2911,'mechanical');
#2910=APPLICATION_PROTOCOL_DEFINITION('international standard',
'ap242_managed_model_based_3d_engineering',2020,#2911);
#2911=APPLICATION_CONTEXT('managed model based 3d engineering');
ENDSEC;
END-ISO-10303-21;
